order_id,warehouse,shipping_mode,distance_km,weight_kg,promised_days,actual_days,cost_inr,delayed,customer_rating
QC100000,Bangalore,Road,1268.3,2.72,3.4,2.85,9748.45,0,4.7
QC100001,Hyderabad,Road,1037.6,1.57,3.1,3.45,7958.34,1,2.5
QC100002,Delhi-NCR,Rail,274.2,4.22,1.3,1.62,1618.51,1,2.9
QC100003,Hyderabad,Road,862.4,2.9,2.8,2.23,6563.38,0,4.7
QC100004,Hyderabad,ROAD,614.2,7.62,2.0,2.7,4851.89,1,3.2
QC100005,Pune,Air,811.5,0.82,2.6,1.39,16033.09,0,3.8
QC100006,Delhi-NCR,Road,1035.4,,3.3,3.02,8067.48,0,5.0
QC100007,Delhi-NCR,Air,1130.2,4.13,3.4,0.99,22522.87,0,4.0
QC100008,Delhi-NCR,Road,1182.5,1.84,3.5,3.33,9020.25,0,4.4
QC100009,Hyderabad,Rail,361.5,4.67,1.6,1.63,2027.79,1,3.2
QC100010,Bangalore,Air,51.3,6.54,1.0,0.46,1250.97,0,3.9
QC100011,Delhi-NCR,Road,1037.1,3.22,3.2,3.4,8042.06,1,3.4
QC100012,Hyderabad,Rail,156.0,1.04,1.0,1.49,833.82,1,3.5
QC100013,Pune,Road,446.4,2.52,1.9,0.94,3437.98,0,4.2
QC100014,Bangalore,Rail,13.3,5.6,0.7,0.76,98.99,1,3.1
QC100015,Pune,Road,956.9,4.05,3.0,2.64,7471.22,0,4.7
QC100016,Bangalore,Road,240.6,2.73,1.2,2.1,1950.41,1,2.3
QC100017,Hyderabad,Road,920.2,6.59,3.1,2.77,7199.35,0,4.0
QC100018,Mumbai,Road,1388.5,4.68,3.9,3.23,10754.07,0,4.5
QC100019,Bangalore,Road,109.2,4.9,0.8,0.81,877.11,1,3.0
QC100020,Pune,Air,115.3,2.35,1.1,0.41,2232.37,0,4.1
QC100021,Hyderabad,Air,481.8,2.22,1.8,0.3,9613.23,0,4.9
QC100022,Bangalore,Rail,1214.0,1.08,3.4,3.64,6628.35,1,
QC100023,Mumbai,Road,308.0,2.57,1.5,1.09,2498.88,0,5.0
QC100024,Mumbai,Air,509.6,5.27,1.8,0.77,10172.89,0,3.5
QC100025,Delhi-NCR,Road,103.4,2.66,1.1,0.56,818.08,0,3.3
QC100026,Delhi-NCR,Road,1070.3,3.92,3.2,2.8,46494.36932481385,0,4.8
QC100027,Pune,Road,576.4,5.85,2.1,2.22,4555.0,1,2.8
QC100028,Bangalore,Road,1064.9,3.76,3.1,3.1,8197.24,1,2.8
QC100029,Bangalore,Air,1265.8,3.98,3.7,1.63,25131.35,0,4.9
QC100030,Delhi-NCR,Road,332.0,1.33,1.6,0.74,2613.6,0,4.2
QC100031,Bangalore,Road,1131.9,2.48,3.3,2.99,8666.12,0,4.9
QC100032,Bangalore,Road,90.3,8.47,0.8,0.3,926.72,0,4.1
QC100033,Mumbai,Road,1259.2,3.2,3.4,2.94,9728.47,0,4.6
QC100034,Delhi-NCR,Road,913.9,9.37,2.8,3.2,7048.54,1,3.0
QC100035,Hyderabad,Rail,1224.9,1.95,3.3,4.31,6618.64,1,2.8
QC100036,Delhi-NCR,Road,8.3,3.46,0.9,0.86,40.0,0,5.0
QC100037,Hyderabad,Road,243.4,2.39,1.5,1.72,1893.23,1,3.9
QC100038,Mumbai,Road,550.5,4.29,2.2,1.95,4258.65,0,4.0
QC100039,Pune,Air,536.3,5.14,2.1,0.3,10761.35,0,4.3
QC100040,Bangalore,Rail,323.6,,1.6,1.25,1772.16,0,5.0
QC100041,Mumbai,Air,539.2,5.61,2.3,0.8,10800.4,0,3.9
QC100042,Bangalore,AIR,187.4,2.98,1.3,0.38,3798.29,0,3.9
QC100043,Pune,Road,582.6,2.68,2.2,1.64,4520.56,0,4.6
QC100044,Pune,Road,1124.9,1.05,3.0,2.66,8692.79,0,5.0
QC100045,Mumbai,Rail,674.9,4.41,2.5,3.29,3847.94,1,3.3
QC100046,Pune,Air,33.1,3.33,0.9,0.3,722.04,0,4.9
QC100047,Hyderabad,Air,594.7,2.88,2.1,1.9,11851.21,0,3.9
QC100048,Pune,Air,45.8,2.68,0.9,0.3,902.26,0,4.6
QC100049,Bangalore,Air,1353.0,2.94,3.7,1.81,26781.15,0,4.2
QC100050,Bangalore,Air,185.4,2.61,1.4,0.53,3779.93,0,5.0
QC100051,Bangalore,Rail,993.1,2.19,3.0,2.59,5456.25,0,5.0
QC100052,Bangalore,Rail,1362.1,3.47,3.7,3.63,7356.02,0,5.0
QC100053,Hyderabad,Air,1157.8,4.02,3.2,1.57,22918.31,0,4.1
QC100054,Delhi-NCR,Air,981.4,1.89,3.0,1.11,19426.82,0,4.4
QC100055,Mumbai,Road,1176.5,2.36,3.3,2.93,9034.22,0,4.6
QC100056,Bangalore,Air,1374.7,2.66,3.7,0.62,27242.39,0,4.1
QC100057,Pune,ROAD,872.9,3.01,2.5,2.8,6741.5,1,3.4
QC100058,Bangalore,Road,786.4,2.78,2.7,2.6,6121.02,0,4.9
QC100059,Pune,Rail,882.5,4.46,2.7,3.16,4873.51,1,3.0
QC100060,Pune,ROAD,749.5,1.11,2.3,3.15,5785.82,1,2.9
QC100061,Bangalore,Road,892.0,1.24,2.7,2.59,6699.03,0,4.0
QC100062,Hyderabad,Road,634.2,3.37,2.3,2.55,4815.46,1,2.6
QC100063,Pune,Road,312.1,,1.5,1.78,2377.4,1,3.7
QC100064,Pune,Air,175.4,5.11,1.2,0.3,3527.02,0,4.0
QC100065,Bangalore,Road,103.1,6.06,1.0,0.92,948.18,0,4.0
QC100066,Pune,Road,374.5,3.46,1.4,0.87,2874.47,0,4.7
QC100067,Pune,Road,72.2,1.58,1.1,0.3,620.79,0,4.4
QC100068,Bangalore,Air,797.5,5.66,2.3,0.62,15845.27,0,4.1
QC100069,Bangalore,Air,403.1,3.38,1.7,0.52,7970.17,0,4.8
QC100070,Mumbai,Road,1155.8,1.23,3.4,3.25,8794.74,0,4.1
QC100071,Hyderabad,Road,111.3,1.3,1.0,1.06,1010.34,1,2.2
QC100072,Hyderabad,Road,323.1,7.46,1.6,1.37,2557.55,0,5.0
QC100073,Pune,Air,1024.5,6.76,3.0,1.65,20448.24,0,4.0
QC100074,Hyderabad,Air,841.5,0.66,2.7,1.54,16580.09,0,4.0
QC100075,Pune,Road,97.8,1.33,1.2,1.0,857.25,0,4.0
QC100076,Mumbai,Road,1229.1,5.96,3.4,2.46,9530.84,0,4.4
QC100077,Bangalore,Road,1229.1,2.97,3.6,2.69,9472.51,0,4.3
QC100078,Bangalore,Rail,467.9,4.58,2.1,1.74,2633.93,0,4.9
QC100079,Bangalore,Road,481.8,2.89,1.9,1.8,3769.23,0,5.0
QC100080,Hyderabad,Road,1384.7,4.45,3.7,3.29,10721.6,0,4.1
QC100081,Mumbai,Road,879.6,3.01,3.1,2.41,6747.17,0,3.9
QC100082,Hyderabad,Road,747.6,2.31,2.4,1.73,5721.26,0,4.1
QC100083,Hyderabad,Air,1174.7,5.67,3.4,2.01,23364.07,0,4.6
QC100084,Mumbai,Road,405.1,3.39,1.7,1.52,3201.1,0,4.3
QC100085,Mumbai,Air,605.4,4.44,2.2,0.34,12062.84,0,4.1
QC100086,Mumbai,Air,380.7,3.3,1.6,0.3,7643.69,0,3.8
QC100087,Mumbai,Road,1106.5,,3.2,3.04,8542.12,0,3.3
QC100088,Bangalore,Road,806.1,7.89,2.7,2.7,6295.67,0,3.9
QC100089,Delhi-NCR,Rail,925.1,3.72,2.8,2.95,4957.67,1,3.9
QC100090,Delhi-NCR,Road,359.2,2.43,1.5,1.84,2761.41,1,3.5
QC100091,Mumbai,Road,314.6,6.47,1.4,1.02,2627.72,0,4.3
QC100092,Delhi-NCR,Rail,687.8,1.36,2.1,3.05,3759.0,1,3.7
QC100093,Delhi-NCR,Road,1034.7,11.49,3.0,3.42,8083.9,1,2.7
QC100094,Mumbai,Road,739.1,2.7,2.3,2.18,5717.75,0,4.4
QC100095,Delhi-NCR,Road,53.4,1.4,0.9,0.3,474.31,0,3.5
QC100096,Hyderabad,Rail,1217.0,9.43,3.6,4.3,6703.2,1,3.5
QC100097,Pune,Road,98.0,2.28,1.2,1.02,864.86,0,4.5
QC100098,Pune,Road,1338.5,3.48,3.7,3.71,10331.91,1,3.4
QC100099,Mumbai,ROAD,43.0,4.62,1.0,0.74,346.12,0,5.0
QC100100,Bangalore,Road,974.7,6.11,3.0,2.13,7617.82,0,4.8
QC100101,Mumbai,Road,122.4,3.6,0.8,1.26,976.58,1,2.7
QC100102,Bangalore,Road,1275.7,2.04,3.4,3.44,9785.08,1,3.9
QC100103,Pune,Road,654.5,3.43,2.3,1.61,5007.71,0,4.3
QC100104,Mumbai,Road,199.4,2.34,1.4,1.52,1605.42,1,2.3
QC100105,Hyderabad,Road,482.4,3.49,2.0,1.79,3744.25,0,4.3
QC100106,Delhi-NCR,Road,237.4,7.98,1.3,1.28,2000.18,0,4.7
QC100107,Bangalore,Road,245.5,4.73,1.0,0.96,1930.16,0,3.9
QC100108,Delhi-NCR,Road,1327.8,3.4,3.5,3.82,10178.95,1,4.0
QC100109,Delhi-NCR,Air,627.8,4.68,2.0,1.59,12469.89,0,3.9
QC100110,Mumbai,Road,1106.0,4.88,3.3,3.3,8572.5,1,3.1
QC100111,Delhi-NCR,Road,898.3,1.57,2.7,3.23,6859.43,1,3.0
QC100112,Hyderabad,Road,949.6,3.08,3.1,2.89,7307.69,0,3.5
QC100113,Delhi-NCR,Rail,191.3,13.98,1.4,1.67,1253.55,1,2.8
QC100114,Mumbai,Air,334.0,6.22,1.8,0.3,6751.57,0,4.0
QC100115,Hyderabad,Road,1103.2,2.22,3.1,3.4,8375.32,1,3.2
QC100116,Pune,Road,1359.3,2.09,3.8,3.53,10451.09,0,2.9
QC100117,Delhi-NCR,RAIL,373.6,2.05,1.5,1.01,2158.22,0,4.8
QC100118,Mumbai,Road,386.0,,1.7,0.75,3117.96,0,4.8
QC100119,Pune,Road,666.3,7.88,2.1,1.8,5202.04,0,5.0
QC100120,Pune,Road,1377.5,4.26,4.0,3.79,10644.23,0,3.7
QC100121,Bangalore,Road,382.4,3.3,1.5,1.04,3002.79,0,4.3
QC100122,Hyderabad,Rail,574.5,2.3,1.8,2.06,3231.86,1,3.8
QC100123,Delhi-NCR,Air,1248.9,3.66,3.8,2.06,24643.49,0,4.9
QC100124,Mumbai,Road,12.1,1.84,0.9,0.38,192.46,0,5.0
QC100125,Bangalore,ROAD,63.4,0.94,0.8,1.2,485.88,1,3.4
QC100126,Hyderabad,Rail,848.9,8.02,2.6,3.5,4683.83,1,3.3
QC100127,Bangalore,Rail,1271.1,1.64,3.5,3.61,6847.15,1,2.5
QC100128,Hyderabad,Road,340.5,2.47,1.5,1.72,2571.29,1,3.8
QC100129,Hyderabad,Rail,661.7,4.45,2.4,2.78,3616.43,1,3.1
QC100130,Delhi-NCR,Rail,635.0,7.1,2.3,2.47,3492.02,1,3.3
QC100131,Hyderabad,Air,666.4,3.51,2.3,1.38,13268.71,0,4.4
QC100132,Bangalore,Road,874.5,1.47,2.7,2.69,6751.78,0,3.2
QC100133,Hyderabad,Road,661.9,,2.4,1.77,5093.32,0,4.0
QC100134,Delhi-NCR,Air,630.9,,1.9,1.1,12617.8,0,4.6
QC100135,Delhi-NCR,Road,668.2,2.94,2.1,2.32,5131.74,1,3.3
QC100136,Bangalore,Air,830.5,6.29,2.5,1.39,16538.59,0,4.6
QC100137,Pune,Road,755.5,0.66,2.6,2.08,5763.08,0,4.8
QC100138,Pune,Road,1197.0,,3.3,2.99,9235.27,0,4.0
QC100139,Hyderabad,Road,76.9,2.25,0.8,0.88,670.76,1,3.0
QC100140,Mumbai,Road,1168.0,1.41,3.4,3.49,8990.3,1,3.2
QC100141,Hyderabad,Rail,1182.7,4.27,3.2,3.46,6455.99,1,3.7
QC100142,Bangalore,Air,404.6,1.29,1.6,0.3,7953.86,0,4.3
QC100143,Bangalore,Air,652.3,1.38,2.6,0.67,12921.21,0,
QC100144,Bangalore,Air,618.4,5.01,2.3,0.71,12423.19,0,
QC100145,Bangalore,Road,312.2,,1.4,0.46,2582.14,0,4.8
QC100146,Bangalore,Road,560.3,2.87,2.0,2.26,4355.6,1,4.0
QC100147,Delhi-NCR,Road,69.8,1.45,1.1,0.78,537.0,0,4.5
QC100148,Pune,Road,394.7,1.97,1.8,1.36,3054.1,0,3.7
QC100149,Bangalore,Road,1144.8,5.5,3.3,3.47,8833.92,1,3.1
QC100150,Mumbai,Road,404.1,3.22,1.7,1.71,3220.91,1,3.5
QC100151,Mumbai,Road,1146.9,2.83,3.1,2.76,8774.39,0,4.8
QC100152,Mumbai,Rail,748.0,3.62,2.2,2.58,4159.78,1,3.6
QC100153,Mumbai,Rail,1232.8,2.94,3.5,3.68,6678.29,1,3.2
QC100154,Delhi-NCR,Road,808.1,7.59,2.5,3.18,6397.84,1,3.7
QC100155,Mumbai,Air,49.3,1.92,1.0,0.3,1036.31,0,4.1
QC100156,Bangalore,Air,948.2,1.79,2.9,0.59,18761.62,0,4.5
QC100157,Hyderabad,Road,70.4,1.31,0.8,0.3,543.58,0,4.8
QC100158,Mumbai,Rail,635.2,2.17,2.2,2.82,21126.76735730696,1,3.6
QC100159,Delhi-NCR,Rail,1301.8,,3.6,4.14,7027.85,1,3.6
QC100160,Delhi-NCR,Road,238.0,3.42,1.6,1.5,1883.59,0,4.7
QC100161,Mumbai,Road,550.7,3.04,2.1,1.76,4236.8,0,3.9
QC100162,Hyderabad,Road,1024.0,1.57,2.8,2.82,7967.41,1,3.3
QC100163,Mumbai,Road,1236.1,4.28,3.8,3.06,9649.07,0,3.9
QC100164,Delhi-NCR,Road,942.0,,2.8,3.56,7428.37,1,3.2
QC100165,Pune,Rail,367.4,3.72,1.5,1.08,2043.46,0,3.8
QC100166,Bangalore,Road,947.1,0.65,3.2,2.27,7232.85,0,4.6
QC100167,Delhi-NCR,Road,421.0,9.9,1.8,2.04,3352.1,1,2.3
QC100168,Mumbai,Rail,1008.1,4.7,3.1,2.64,5620.48,0,4.7
QC100169,Bangalore,Air,1336.0,9.72,3.8,2.06,26683.6,0,4.4
QC100170,Mumbai,Road,1012.2,5.78,3.0,3.05,7906.1,1,4.3
QC100171,Mumbai,Road,1209.1,6.52,3.4,3.21,9351.98,0,4.3
QC100172,Pune,Road,10.9,3.4,0.8,0.43,40.0,0,4.3
QC100173,Bangalore,Air,1006.9,2.57,3.2,0.65,19891.2,0,4.7
QC100174,Bangalore,Road,1162.8,3.76,3.4,3.14,8966.56,0,4.3
QC100175,Pune,Road,64.5,1.96,1.1,1.84,497.34,1,3.4
QC100176,Delhi-NCR,Rail,1221.3,3.9,3.5,4.28,6626.96,1,3.8
QC100177,Mumbai,Road,365.3,0.62,1.5,0.61,2826.41,0,4.3
QC100178,Hyderabad,Rail,934.1,3.08,2.6,3.45,5160.4,1,3.9
QC100179,Mumbai,Rail,1122.1,,3.3,3.77,6138.41,1,2.5
QC100180,Mumbai,Road,930.4,3.18,3.1,2.15,7096.46,0,5.0
QC100181,Delhi-NCR,Rail,136.5,,1.0,0.9,848.91,0,3.5
QC100182,Mumbai,ROAD,838.1,2.56,2.7,2.03,6394.91,0,5.0
QC100183,Pune,Rail,773.0,5.48,2.3,2.49,4308.41,1,2.4
QC100184,Pune,Road,1261.2,1.77,3.5,3.3,9679.79,0,5.0
QC100185,Bangalore,Air,570.7,5.35,2.1,0.46,11508.99,0,4.5
QC100186,Hyderabad,Road,454.9,3.45,1.5,1.18,3586.17,0,3.9
QC100187,Mumbai,Rail,1051.8,2.63,3.1,3.33,5835.89,1,4.2
QC100188,Mumbai,Air,582.4,0.64,1.9,0.78,11458.81,0,3.9
QC100189,Delhi-NCR,Road,907.4,2.58,2.9,2.67,6792.88,0,4.3
QC100190,Pune,Rail,907.9,3.41,2.8,3.08,4978.62,1,4.6
QC100191,Hyderabad,Road,1244.2,4.94,3.7,2.89,9614.44,0,4.6
QC100192,Bangalore,Road,841.4,7.66,2.6,2.32,6567.22,0,3.4
QC100193,Pune,Road,707.0,10.19,2.1,1.99,5597.72,0,4.3
QC100194,Bangalore,Road,201.3,6.35,1.0,1.04,1586.8,1,3.1
QC100195,Delhi-NCR,Road,169.1,2.14,0.9,1.23,1365.93,1,3.4
QC100196,Delhi-NCR,Rail,222.8,2.5,1.4,1.86,1292.29,1,3.3
QC100197,Mumbai,Road,247.2,4.68,1.7,1.13,1903.34,0,4.7
QC100198,Hyderabad,Air,895.9,4.1,2.8,1.71,17791.4,0,3.6
QC100199,Bangalore,Road,1039.4,7.98,3.3,2.48,8077.54,0,4.1
QC100200,Pune,Rail,745.7,13.3,2.6,2.52,4225.93,0,4.6
QC100201,Delhi-NCR,Rail,1162.0,11.71,3.3,4.02,6415.91,1,2.9
QC100202,Mumbai,Road,1387.8,7.36,4.0,3.79,10749.9,0,4.9
QC100203,Mumbai,Rail,1149.5,,3.2,3.75,6297.11,1,2.9
QC100204,Bangalore,Road,975.3,6.75,2.9,2.54,7545.93,0,4.5
QC100205,Delhi-NCR,Air,749.2,8.14,2.4,0.69,14915.23,0,4.3
QC100206,Hyderabad,Road,632.8,2.75,2.2,2.33,4915.05,1,2.8
QC100207,Delhi-NCR,RAIL,125.5,2.18,1.2,0.79,670.9,0,4.4
QC100208,Bangalore,Road,563.9,1.9,1.9,1.3,4329.48,0,3.7
QC100209,Bangalore,Road,1274.9,1.78,3.7,2.62,9758.86,0,4.2
QC100210,Delhi-NCR,AIR,1132.8,1.31,3.4,1.59,22527.76,0,4.4
QC100211,Bangalore,Road,308.7,3.49,1.5,1.64,2381.09,1,2.6
QC100212,Delhi-NCR,Road,657.5,1.65,2.5,1.86,5163.11,0,4.7
QC100213,Pune,Road,1144.9,1.88,3.5,3.79,8837.46,1,3.4
QC100214,Delhi-NCR,Road,101.8,4.58,1.2,1.27,970.46,1,3.6
QC100215,Delhi-NCR,Road,547.3,3.35,2.0,1.39,4287.02,0,4.4
QC100216,Bangalore,Road,1193.8,3.89,3.5,2.76,9189.33,0,3.8
QC100217,Bangalore,Road,570.2,6.81,2.1,1.26,4429.57,0,4.4
QC100218,Mumbai,Road,116.0,5.05,1.1,1.08,956.98,0,4.7
QC100219,Mumbai,Air,763.2,7.47,2.4,0.64,15335.06,0,3.8
QC100220,Pune,Road,1207.5,3.15,3.1,2.61,9291.2,0,3.8
QC100221,Mumbai,Road,829.7,7.9,2.7,2.18,6529.06,0,4.3
QC100222,Delhi-NCR,Road,323.0,3.73,1.7,1.91,2550.51,1,3.1
QC100223,Bangalore,Road,542.9,3.32,1.8,1.55,4227.92,0,4.4
QC100224,Mumbai,Air,634.6,7.22,2.3,1.07,12712.33,0,4.3
QC100225,Mumbai,Road,814.3,1.78,2.5,2.45,6291.16,0,4.5
QC100226,Pune,Road,1065.0,,3.1,2.34,8280.56,0,5.0
QC100227,Pune,Air,145.6,2.54,1.3,0.3,2912.11,0,
QC100228,Delhi-NCR,Air,1246.4,1.45,3.4,1.75,24723.38,0,4.4
QC100229,Bangalore,Road,25.1,4.45,0.7,0.37,281.92,0,3.8
QC100230,Pune,Air,523.1,2.4,2.2,1.52,10372.91,0,4.0
QC100231,Mumbai,Rail,46.2,10.13,0.9,0.3,456.82,0,4.8
QC100232,Bangalore,Road,555.0,2.32,2.2,1.28,4241.24,0,4.2
QC100233,Bangalore,Air,739.9,3.63,2.2,1.08,14641.98,0,3.9
QC100234,Mumbai,Air,720.3,1.28,2.1,0.74,14302.68,0,5.0
QC100235,Pune,Road,238.6,4.89,1.2,0.3,1841.4,0,
QC100236,Mumbai,Road,906.9,1.88,2.7,3.25,6988.43,1,3.2
QC100237,Bangalore,Road,70.3,4.55,0.7,0.3,502.41,0,3.9
QC100238,Hyderabad,RAIL,1068.6,2.32,3.2,3.85,5768.7,1,3.7
QC100239,Hyderabad,Rail,1325.7,0.88,3.8,3.82,7154.97,1,3.1
QC100240,Delhi-NCR,Air,481.0,3.25,1.7,0.52,9485.9,0,4.8
QC100241,Mumbai,Road,728.0,3.16,2.3,1.45,5603.72,0,4.2
QC100242,Mumbai,Air,535.4,5.1,1.9,0.51,10763.82,0,5.0
QC100243,Delhi-NCR,Road,17.3,7.64,0.7,0.45,193.65,0,4.1
QC100244,Delhi-NCR,Road,545.1,9.46,1.6,1.92,4319.57,1,4.5
QC100245,Delhi-NCR,Road,1110.1,5.05,3.2,3.18,8685.32,0,4.5
QC100246,Bangalore,Air,837.6,3.55,2.6,0.48,16584.67,0,5.0
QC100247,Mumbai,Road,149.0,1.28,1.1,0.68,1246.72,0,4.1
QC100248,Bangalore,Air,1187.2,3.39,3.2,1.97,23550.84,0,3.7
QC100249,Delhi-NCR,Road,747.3,3.42,2.6,2.99,5784.52,1,2.1
QC100250,Mumbai,Road,1179.7,2.67,3.7,3.22,9150.25,0,5.0
QC100251,Bangalore,ROAD,815.7,4.39,2.5,2.43,6290.02,0,4.4
QC100252,Bangalore,Road,787.1,5.89,2.7,2.93,6165.2,1,2.7
QC100253,Delhi-NCR,Rail,154.5,1.84,1.2,1.44,920.5,1,4.0
QC100254,Mumbai,Road,241.0,1.82,1.3,1.34,1837.36,1,3.9
QC100255,Delhi-NCR,Rail,1361.1,2.76,3.7,3.99,7353.93,1,4.0
QC100256,Mumbai,Road,326.1,,1.5,0.81,2518.39,0,3.7
QC100257,Hyderabad,Air,1368.6,1.12,4.0,1.79,27106.6,0,5.0
QC100258,Pune,Road,748.4,1.65,2.3,1.92,5690.22,0,4.6
QC100259,Pune,Air,197.0,1.43,1.2,0.3,3887.84,0,5.0
QC100260,Pune,Air,146.2,6.2,1.3,0.3,2798.35,0,4.7
QC100261,Delhi-NCR,Road,298.7,8.35,1.6,0.81,2415.3,0,4.5
QC100262,Hyderabad,Road,1296.5,1.56,3.5,3.3,9999.97,0,5.0
QC100263,Mumbai,Rail,584.5,4.17,2.0,2.25,3131.36,1,3.7
QC100264,Bangalore,Rail,558.4,5.07,2.1,2.66,3078.83,1,3.8
QC100265,Mumbai,Road,444.0,1.23,1.9,1.82,3565.28,0,4.2
QC100266,Bangalore,Air,212.7,3.31,1.4,0.72,4269.69,0,4.3
QC100267,Mumbai,Rail,687.1,13.74,2.4,1.71,4039.07,0,3.5
QC100268,Hyderabad,Rail,189.0,4.51,1.3,1.3,1041.07,1,3.0
QC100269,Bangalore,Rail,1171.0,2.59,3.4,3.35,6396.95,0,4.8
QC100270,Delhi-NCR,Air,523.6,2.15,2.2,1.03,10335.05,0,4.7
QC100271,Mumbai,Road,529.7,0.89,1.9,1.54,4092.29,0,3.9
QC100272,Mumbai,Road,667.8,3.98,2.3,2.64,5230.84,1,3.9
QC100273,Bangalore,Road,626.2,9.67,2.0,1.81,5000.79,0,5.0
QC100274,Delhi-NCR,Air,1392.8,1.84,3.7,1.98,27589.86,0,3.9
QC100275,Delhi-NCR,Air,767.2,0.94,2.5,0.41,15223.98,0,4.3
QC100276,Hyderabad,Road,130.8,,1.0,0.89,1054.05,0,4.1
QC100277,Delhi-NCR,Rail,852.8,5.1,2.7,3.64,4736.88,1,3.3
QC100278,Delhi-NCR,Air,219.0,2.32,1.5,0.79,4370.53,0,4.5
QC100279,Delhi-NCR,Road,51.1,1.84,1.1,0.3,479.9,0,4.1
QC100280,Pune,Road,1359.3,3.04,4.1,3.41,10539.44,0,4.3
QC100281,Hyderabad,Road,1084.8,3.45,3.4,3.82,8341.75,1,3.3
QC100282,Mumbai,Road,1372.3,1.31,4.2,3.38,10524.46,0,4.6
QC100283,Bangalore,Road,673.2,2.64,2.3,2.01,5143.21,0,5.0
QC100284,Mumbai,Road,748.9,2.23,2.3,2.79,5789.64,1,3.3
QC100285,Hyderabad,Road,242.3,2.05,1.2,1.13,1911.29,0,4.1
QC100286,Bangalore,Road,351.7,1.63,1.8,1.56,2723.32,0,4.7
QC100287,Hyderabad,Road,1175.3,5.28,3.4,3.5,9094.09,1,3.5
QC100288,Delhi-NCR,Road,503.8,2.04,1.9,2.12,4006.1,1,3.2
QC100289,Bangalore,Air,1158.9,0.91,3.2,1.51,22789.4,0,4.6
QC100290,Delhi-NCR,Road,994.9,3.52,2.9,2.83,7644.55,0,4.2
QC100291,Mumbai,Rail,254.6,4.64,1.4,1.12,1437.74,0,4.1
QC100292,Mumbai,Rail,714.4,1.86,2.2,2.09,3978.65,0,3.5
QC100293,Bangalore,Road,950.9,2.15,2.9,1.78,7341.6,0,4.2
QC100294,Bangalore,Road,335.2,2.04,1.8,1.71,2630.98,0,3.5
QC100295,Hyderabad,Road,1164.3,2.44,3.0,3.31,9026.41,1,3.0
QC100296,Hyderabad,Road,766.4,5.84,2.2,2.87,5957.28,1,3.6
QC100297,Delhi-NCR,Road,238.0,2.81,1.4,1.86,1910.42,1,2.5
QC100298,Bangalore,Road,819.5,4.97,2.8,2.2,6326.79,0,4.3
QC100299,Mumbai,Road,1399.6,1.68,3.8,2.98,10673.98,0,4.4
QC100300,Hyderabad,Road,217.5,2.39,1.0,1.05,1814.55,1,3.2
QC100301,Hyderabad,Road,1144.9,5.32,3.5,3.0,8876.39,0,4.2
QC100302,Mumbai,Air,296.6,1.85,1.3,0.3,5944.66,0,4.6
QC100303,Hyderabad,Road,1097.1,5.51,3.1,2.96,8427.18,0,4.6
QC100304,Delhi-NCR,Road,1030.5,2.06,3.1,3.11,7951.03,1,3.3
QC100305,Bangalore,Road,426.3,2.48,1.6,1.14,3412.53,0,4.2
QC100306,Mumbai,Rail,461.5,8.18,1.7,1.5,2622.69,0,4.8
QC100307,Bangalore,Road,1111.2,2.31,3.1,2.24,8466.91,0,3.7
QC100308,Hyderabad,Road,650.3,3.28,2.5,2.21,5044.87,0,4.7
QC100309,Hyderabad,Air,1025.3,4.35,3.2,2.18,20317.09,0,4.6
QC100310,Mumbai,Road,214.0,3.44,1.4,1.53,1605.55,1,3.4
QC100311,Delhi-NCR,Rail,1194.8,3.5,3.1,4.41,6470.83,1,3.3
QC100312,Pune,Air,997.6,2.9,3.1,1.61,19775.12,0,3.5
QC100313,Mumbai,Air,1270.5,1.38,3.7,1.49,141057.7426706685,0,5.0
QC100314,Pune,Air,192.3,3.7,1.0,0.3,3953.73,0,4.8
QC100315,Pune,Rail,833.5,1.94,2.7,2.71,4649.2,1,2.8
QC100316,Delhi-NCR,RAIL,842.0,4.78,2.8,2.77,4669.93,0,4.8
QC100317,Pune,Air,500.0,6.84,2.0,0.88,10046.17,0,4.5
QC100318,Pune,Air,646.2,1.02,2.1,1.46,12804.6,0,4.1
QC100319,Delhi-NCR,Road,60.9,6.85,0.9,1.6,535.41,1,3.9
QC100320,Pune,Road,1046.2,2.35,3.2,2.93,8141.9,0,4.2
QC100321,Pune,Road,772.7,2.78,2.5,1.63,5957.42,0,5.0
QC100322,Pune,ROAD,88.4,1.74,1.2,0.82,679.82,0,
QC100323,Mumbai,Road,955.6,3.36,2.9,2.61,7431.71,0,4.9
QC100324,Mumbai,Road,657.8,3.13,2.3,2.22,31118.357668263878,0,4.7
QC100325,Mumbai,Road,56.0,5.73,1.0,0.68,590.18,0,
QC100326,Delhi-NCR,Air,1357.7,1.93,3.6,1.9,26892.62,0,4.5
QC100327,Hyderabad,Rail,1329.2,8.14,3.7,4.08,7385.26,1,2.9
QC100328,Pune,Road,722.0,4.48,2.3,2.06,5662.73,0,4.4
QC100329,Pune,Road,138.4,3.17,1.3,1.11,1195.31,0,4.9
QC100330,Delhi-NCR,Rail,1058.4,2.7,3.2,2.96,5721.39,0,4.8
QC100331,Pune,ROAD,692.8,2.5,2.3,2.0,5339.94,0,4.7
QC100332,Mumbai,AIR,429.0,2.6,1.5,0.98,8657.87,0,3.4
QC100333,Hyderabad,Road,692.1,3.32,2.1,2.88,5339.54,1,3.2
QC100334,Bangalore,ROAD,735.2,2.65,2.5,1.85,5720.64,0,4.2
QC100335,Pune,Rail,791.3,2.05,2.4,3.22,4447.35,1,2.7
QC100336,Mumbai,Road,622.2,3.34,2.3,2.55,4709.01,1,3.8
QC100337,Bangalore,Air,851.2,1.82,2.4,0.92,16869.75,0,3.4
QC100338,Hyderabad,Air,1286.9,3.65,3.8,1.49,25546.43,0,4.8
QC100339,Bangalore,Road,512.3,2.63,2.0,1.49,3858.5,0,5.0
QC100340,Mumbai,AIR,1018.2,4.56,3.0,1.26,20215.08,0,4.3
QC100341,Bangalore,Rail,1253.1,5.44,3.8,4.0,6806.38,1,3.3
QC100342,Delhi-NCR,Road,642.7,5.44,2.3,1.9,5066.04,0,4.9
QC100343,Bangalore,Rail,625.3,3.64,2.1,2.71,3338.18,1,2.9
QC100344,Pune,ROAD,846.1,3.9,2.7,2.14,6656.22,0,4.7
QC100345,Pune,Road,831.2,2.48,2.3,1.92,6444.71,0,3.9
QC100346,Delhi-NCR,Road,1130.8,4.51,3.4,3.59,8668.57,1,2.7
QC100347,Mumbai,Road,671.3,4.83,2.2,2.47,5283.97,1,3.4
QC100348,Pune,Rail,1394.6,1.17,3.5,4.37,7587.72,1,3.3
QC100349,Hyderabad,Rail,90.8,3.77,0.8,1.16,555.85,1,
QC100350,Pune,Air,12.4,6.83,1.0,1.08,325.17,1,4.0
QC100351,Pune,Air,899.2,2.43,3.0,1.73,17880.76,0,4.2
QC100352,Mumbai,Road,423.4,2.13,1.7,1.47,3284.73,0,4.7
QC100353,Bangalore,Road,342.6,2.34,1.4,1.05,2621.66,0,5.0
QC100354,Pune,Air,442.2,1.22,1.6,1.19,8696.92,0,4.5
QC100355,Delhi-NCR,Road,364.4,3.24,1.8,1.87,2794.94,1,3.9
QC100356,Bangalore,ROAD,50.9,3.06,1.0,0.81,414.27,0,4.0
QC100357,Hyderabad,Air,1360.4,,3.7,1.67,27066.51,0,
QC100358,Mumbai,Road,315.3,3.86,1.4,1.2,2533.17,0,4.0
QC100359,Hyderabad,Road,1029.8,1.86,3.1,2.94,7884.45,0,4.1
QC100360,Bangalore,Road,1069.5,3.54,3.2,2.55,8220.72,0,3.7
QC100361,Bangalore,Road,1301.5,3.92,3.5,2.89,10086.52,0,4.5
QC100362,Bangalore,Air,50.5,2.24,0.7,0.42,1056.26,0,4.7
QC100363,Hyderabad,Road,1221.9,3.87,3.3,3.18,9432.4,0,4.8
QC100364,Bangalore,Air,741.9,3.15,2.3,1.04,14704.12,0,3.7
QC100365,Hyderabad,Road,888.5,2.06,2.6,1.84,6826.7,0,4.6
QC100366,Bangalore,Road,905.1,3.56,3.0,2.1,6988.35,0,4.6
QC100367,Delhi-NCR,Road,1149.2,2.52,3.2,3.86,8831.27,1,3.6
QC100368,Bangalore,Road,472.1,4.56,1.6,1.12,3737.69,0,4.0
QC100369,Hyderabad,Air,1028.4,2.6,2.9,1.67,20455.04,0,3.1
QC100370,Pune,Rail,743.8,1.39,2.4,2.3,3986.4,0,4.8
QC100371,Bangalore,Road,1112.4,3.53,3.0,3.07,8543.39,1,3.2
QC100372,Pune,Road,1386.8,3.45,3.8,3.53,10629.88,0,4.5
QC100373,Delhi-NCR,Road,287.3,,1.2,1.22,2309.42,1,3.3
QC100374,Mumbai,Road,1392.6,4.71,4.0,3.51,10873.38,0,4.5
QC100375,Delhi-NCR,Air,133.0,4.57,1.1,0.3,2687.84,0,4.8
QC100376,Bangalore,Road,11.2,1.78,1.1,0.96,107.69,0,3.5
QC100377,Pune,Road,69.5,2.02,0.9,1.28,618.57,1,3.9
QC100378,Pune,Road,483.8,2.76,1.4,1.52,3708.32,1,3.2
QC100379,Hyderabad,Road,889.0,1.91,3.0,2.89,6887.12,0,5.0
QC100380,Pune,Road,104.1,4.41,1.1,1.14,874.49,1,3.1
QC100381,Hyderabad,Road,15.9,3.29,0.9,0.63,76.23,0,4.1
QC100382,Mumbai,Road,1312.4,1.56,3.5,2.88,9989.91,0,4.3
QC100383,Bangalore,Road,1152.1,,3.3,3.47,8826.23,1,3.5
QC100384,Hyderabad,Air,1134.4,6.13,3.3,1.39,22644.84,0,4.3
QC100385,Mumbai,Road,1239.1,7.55,3.5,2.92,9561.46,0,4.7
QC100386,Pune,Rail,982.4,4.15,2.7,3.9,5347.61,1,3.1
QC100387,Pune,Road,153.3,2.65,1.5,1.18,1233.11,0,4.4
QC100388,Mumbai,Air,563.5,2.31,2.2,0.94,11098.75,0,5.0
QC100389,Pune,Air,1014.6,4.18,3.1,0.97,20182.23,0,4.6
QC100390,Mumbai,Air,398.2,3.14,1.9,0.99,7848.26,0,4.6
QC100391,Hyderabad,Air,964.9,1.14,3.0,2.52,19159.57,0,3.7
QC100392,Hyderabad,Road,42.1,5.58,0.8,1.08,373.98,1,4.0
QC100393,Mumbai,Road,434.1,6.74,1.9,1.68,3385.66,0,4.9
QC100394,Hyderabad,Road,772.4,4.68,2.6,2.7,6009.47,1,2.9
QC100395,Hyderabad,Road,887.9,1.56,2.6,2.54,6868.15,0,4.9
QC100396,Hyderabad,Road,811.2,2.05,2.7,2.36,6265.16,0,4.6
QC100397,Delhi-NCR,Road,979.3,0.99,2.9,2.88,7521.92,0,4.4
QC100398,Bangalore,Road,16.5,7.83,0.9,0.35,280.47,0,5.0
QC100399,Pune,Road,148.5,2.43,1.2,0.79,1202.7,0,4.1
QC100400,Delhi-NCR,Air,1217.6,12.18,3.7,1.57,24354.6,0,4.0
QC100401,Hyderabad,Air,957.0,9.71,2.8,1.26,19099.72,0,4.5
QC100402,Mumbai,Rail,165.2,1.75,1.2,0.97,962.85,0,4.7
QC100403,Hyderabad,Road,1180.2,1.96,3.7,3.44,9015.92,0,4.9
QC100404,Bangalore,Road,345.2,3.97,1.5,1.26,2777.72,0,4.3
QC100405,Hyderabad,Road,673.7,,2.3,2.25,5219.65,0,4.0
QC100406,Mumbai,Road,210.1,2.31,1.6,1.62,1779.7,1,4.6
QC100407,Bangalore,Air,996.5,2.18,3.1,1.24,19800.77,0,3.9
QC100408,Hyderabad,Road,936.3,9.12,2.6,3.67,7381.4,1,3.3
QC100409,Bangalore,Air,301.9,3.31,1.3,0.69,5943.57,0,4.8
QC100410,Pune,Road,1209.9,2.53,3.5,3.08,9357.78,0,5.0
QC100411,Pune,Road,566.6,2.06,2.1,2.39,4442.16,1,3.0
QC100412,Hyderabad,Air,415.2,5.14,1.7,0.73,8403.76,0,3.5
QC100413,Bangalore,Road,220.0,2.23,1.6,0.3,1730.37,0,4.1
QC100414,Mumbai,Road,378.5,2.91,1.5,1.36,2927.39,0,4.8
QC100415,Hyderabad,Road,38.7,2.05,0.9,0.62,267.58,0,4.7
QC100416,Pune,Road,819.9,1.21,2.3,3.05,6234.13,1,3.6
QC100417,Pune,Road,1180.4,1.65,3.5,2.84,9058.22,0,4.8
QC100418,Hyderabad,Road,772.2,2.22,2.4,2.28,5842.2,0,5.0
QC100419,Bangalore,Road,313.2,2.57,1.6,1.68,2396.15,1,2.9
QC100420,Pune,Road,54.9,2.63,1.1,0.88,472.7,0,3.8
QC100421,Bangalore,Road,306.8,2.85,1.8,1.09,2402.35,0,4.6
QC100422,Pune,Air,587.2,2.24,2.2,0.6,11608.72,0,3.9
QC100423,Pune,Road,1065.4,6.75,3.1,3.08,8197.78,0,3.8
QC100424,Delhi-NCR,Air,269.5,5.31,1.5,0.61,5366.61,0,5.0
QC100425,Pune,Road,1009.9,2.77,2.9,2.51,7762.34,0,4.5
QC100426,Mumbai,Road,1214.8,3.5,3.5,2.83,9484.01,0,4.4
QC100427,Hyderabad,Rail,639.9,2.4,2.2,2.14,3562.28,0,4.4
QC100428,Hyderabad,ROAD,1151.4,0.55,3.3,2.88,8830.96,0,4.3
QC100429,Bangalore,Road,780.1,3.04,2.4,2.47,6055.72,1,3.9
QC100430,Pune,Road,894.8,3.61,2.8,2.89,6971.15,1,2.5
QC100431,Mumbai,Road,740.6,1.14,2.5,2.5,5726.65,0,3.6
QC100432,Bangalore,Road,652.7,4.05,2.0,1.84,5047.56,0,
QC100433,Delhi-NCR,Road,334.6,2.54,1.4,1.37,2554.67,0,4.5
QC100434,Bangalore,Rail,430.0,3.68,1.8,1.55,2380.72,0,5.0
QC100435,Bangalore,Road,411.6,2.59,1.3,1.77,3255.61,1,3.7
QC100436,Pune,Road,792.1,6.36,2.8,1.61,6157.82,0,4.7
QC100437,Delhi-NCR,Road,175.0,3.44,1.1,0.88,1334.39,0,4.4
QC100438,Bangalore,Air,1284.2,5.48,3.5,1.13,104750.87754090733,0,3.7
QC100439,Mumbai,Road,1011.2,5.76,3.0,3.23,7832.1,1,3.6
QC100440,Mumbai,Road,566.8,1.53,2.1,1.57,4302.02,0,5.0
QC100441,Hyderabad,ROAD,228.8,1.93,1.2,0.5,1758.87,0,4.3
QC100442,Delhi-NCR,RAIL,1235.7,3.94,3.6,4.35,6831.07,1,3.0
QC100443,Delhi-NCR,Road,1154.7,2.41,3.4,3.29,8873.6,0,4.3
QC100444,Hyderabad,Road,1012.6,2.6,2.9,2.74,7748.16,0,4.7
QC100445,Bangalore,Road,386.0,6.5,1.6,1.05,3088.43,0,4.5
QC100446,Delhi-NCR,Road,568.2,2.49,1.8,1.75,4506.81,0,4.9
QC100447,Mumbai,Road,151.0,1.68,0.9,1.17,1178.15,1,
QC100448,Mumbai,Road,271.1,1.82,1.4,1.23,1965.34,0,4.3
QC100449,Pune,Air,1098.0,11.13,3.1,1.36,21979.74,0,4.5
QC100450,Delhi-NCR,Air,1003.3,,3.3,1.03,19934.73,0,4.1
QC100451,Bangalore,Road,834.1,1.33,2.6,2.14,6410.21,0,5.0
QC100452,Hyderabad,Rail,1254.9,1.04,3.3,4.23,6782.03,1,3.7
QC100453,Hyderabad,Road,819.9,2.07,2.4,2.64,6261.06,1,2.8
QC100454,Bangalore,Road,658.0,2.67,2.4,1.92,5172.66,0,4.0
QC100455,Pune,Road,481.8,5.31,1.8,1.29,3671.05,0,4.7
QC100456,Hyderabad,Rail,1317.1,,3.8,3.34,7183.98,0,4.5
QC100457,Delhi-NCR,Road,123.1,2.99,1.0,1.68,975.59,1,3.5
QC100458,Pune,Road,1303.8,2.29,3.6,2.94,10066.5,0,4.3
QC100459,Delhi-NCR,Road,1158.8,3.68,3.5,2.66,9005.2,0,4.6
QC100460,Mumbai,Air,188.9,1.05,1.1,0.52,3745.52,0,4.3
QC100461,Pune,Road,794.5,9.86,2.6,1.66,6266.98,0,4.7
QC100462,Hyderabad,Road,1214.2,4.45,3.4,3.1,9385.41,0,4.8
QC100463,Pune,ROAD,804.0,5.05,2.7,2.59,6304.7,0,5.0
QC100464,Pune,Road,1270.8,1.58,3.8,4.1,9812.02,1,3.0
QC100465,Pune,Road,1320.6,,3.6,3.66,10187.11,1,3.3
QC100466,Pune,Air,596.0,2.28,2.0,0.74,11868.11,0,3.8
QC100467,Delhi-NCR,ROAD,533.2,1.7,2.1,1.92,4132.58,0,5.0
QC100468,Mumbai,Road,1311.4,2.93,3.5,2.59,10078.0,0,3.4
QC100469,Bangalore,Air,947.8,2.89,3.1,0.98,18840.89,0,5.0
QC100470,Pune,Road,169.5,1.57,1.4,0.8,1326.15,0,4.4
QC100471,Hyderabad,Road,66.9,1.76,0.8,0.85,552.94,1,
QC100472,Pune,Rail,794.0,1.68,2.3,3.53,4236.48,1,3.2
QC100473,Hyderabad,Road,1302.8,1.69,3.5,2.85,9941.76,0,4.4
QC100474,Delhi-NCR,Road,1183.2,2.38,3.2,3.34,9143.39,1,3.6
QC100475,Hyderabad,Road,948.8,1.31,3.0,2.08,7209.26,0,3.6
QC100476,Bangalore,Road,201.6,1.98,1.5,0.75,1606.09,0,4.1
QC100477,Mumbai,Road,361.9,5.62,1.7,0.99,2864.81,0,4.0
QC100478,Hyderabad,Road,1226.7,4.92,3.4,2.86,9534.65,0,4.6
QC100479,Hyderabad,Road,262.5,1.6,1.4,1.6,2075.85,1,3.3
QC100480,Mumbai,Road,395.6,5.34,1.5,1.5,3095.26,1,3.6
QC100481,Bangalore,Rail,188.4,0.92,1.4,1.4,1020.53,0,4.5
QC100482,Pune,Air,949.1,12.9,2.9,1.07,18905.25,0,4.9
QC100483,Hyderabad,Road,1322.0,6.55,3.8,3.64,10223.38,0,4.0
QC100484,Mumbai,Road,382.4,2.15,1.5,2.01,2887.85,1,
QC100485,Delhi-NCR,Air,669.8,3.78,2.2,1.09,13316.96,0,5.0
QC100486,Mumbai,Road,891.0,1.3,2.9,2.76,6801.27,0,4.9
QC100487,Delhi-NCR,Road,1399.3,3.12,4.1,3.78,10708.21,0,3.7
QC100488,Bangalore,Rail,153.9,2.69,1.0,1.29,950.74,1,2.8
QC100489,Pune,Road,702.0,1.82,2.4,1.93,5326.49,0,4.4
QC100490,Mumbai,Air,544.1,2.27,1.9,0.3,10756.26,0,4.3
QC100491,Hyderabad,Rail,1213.2,2.14,3.8,4.02,6547.91,1,3.3
QC100492,Bangalore,Road,670.5,1.52,2.2,1.69,22041.343505941863,0,4.8
QC100493,Mumbai,Road,162.5,1.8,1.3,0.3,1222.92,0,4.5
QC100494,Hyderabad,Road,891.1,1.26,2.8,2.76,6818.05,0,4.6
QC100495,Mumbai,Air,1080.9,5.02,3.5,1.0,21510.31,0,4.7
QC100496,Delhi-NCR,Rail,12.0,1.72,0.9,2.05,135.95,1,3.8
QC100497,Mumbai,Air,1203.7,1.44,3.3,0.89,23896.46,0,2.9
QC100498,Mumbai,Road,266.9,4.98,1.5,0.65,2016.93,0,4.2
QC100499,Mumbai,Air,776.5,3.75,2.6,1.4,15465.01,0,4.0
QC100500,Bangalore,Rail,586.8,4.87,2.1,1.96,3282.89,0,4.6
QC100501,Mumbai,Road,1009.8,5.21,2.8,3.03,7779.01,1,3.1
QC100502,Hyderabad,Rail,524.7,9.61,1.9,2.31,3106.42,1,3.3
QC100503,Delhi-NCR,Air,1218.7,2.74,3.6,1.48,24244.84,0,4.8
QC100504,Delhi-NCR,Air,1024.9,1.25,2.8,0.94,20304.54,0,4.1
QC100505,Mumbai,Road,909.6,3.53,2.7,2.91,6986.22,1,3.5
QC100506,Bangalore,ROAD,1116.4,2.01,3.4,2.25,8675.73,0,5.0
QC100507,Bangalore,Road,1057.6,1.69,3.1,2.87,8119.92,0,4.8
QC100508,Hyderabad,Road,58.0,3.19,1.3,1.13,506.22,0,3.6
QC100509,Mumbai,Road,557.5,,1.8,1.69,4360.12,0,4.3
QC100510,Delhi-NCR,Rail,1303.7,1.82,3.5,4.33,7210.93,1,3.5
QC100511,Bangalore,Rail,183.0,6.45,0.9,0.67,1091.31,0,4.7
QC100512,Mumbai,Air,1034.0,1.66,3.4,1.49,20501.66,0,4.3
QC100513,Bangalore,Road,1364.6,2.6,3.6,2.04,10436.13,0,4.1
QC100514,Bangalore,Road,80.7,3.79,0.7,0.99,662.21,1,3.3
QC100515,Delhi-NCR,Road,957.6,,2.8,3.01,7306.6,1,2.8
QC100516,Pune,Air,659.7,1.03,2.0,0.89,13031.96,0,4.9
QC100517,Hyderabad,Air,814.2,5.24,2.5,1.3,16106.88,0,5.0
QC100518,Hyderabad,Rail,126.8,2.07,1.1,0.54,774.87,0,4.6
QC100519,Delhi-NCR,Road,67.9,4.7,1.1,0.3,613.44,0,4.3
QC100520,Bangalore,Rail,936.3,1.41,2.8,3.01,5095.75,1,3.8
QC100521,Mumbai,Rail,1154.0,1.56,3.3,4.03,6256.53,1,3.7
QC100522,Bangalore,Road,1096.6,5.04,3.1,2.03,8484.02,0,4.3
QC100523,Delhi-NCR,Rail,765.0,3.69,2.2,2.51,4294.57,1,3.3
QC100524,Hyderabad,Road,147.0,2.31,0.8,1.27,1120.0,1,3.0
QC100525,Bangalore,Road,965.8,3.72,2.9,2.61,7472.03,0,4.5
QC100526,Hyderabad,Air,344.7,1.69,1.6,1.87,6871.86,1,3.4
QC100527,Mumbai,Road,1276.2,3.21,3.5,3.67,9889.23,1,2.9
QC100528,Hyderabad,Air,1174.9,3.25,3.1,1.93,99574.67537474664,0,3.9
QC100529,Hyderabad,Road,995.5,2.4,3.0,2.62,7688.11,0,3.7
QC100530,Pune,Road,1328.8,1.82,3.9,3.73,10122.58,0,4.6
QC100531,Pune,ROAD,51.7,3.13,0.9,1.32,403.31,1,3.3
QC100532,Pune,Road,1032.8,2.91,3.0,2.81,7883.29,0,4.4
QC100533,Hyderabad,Road,467.7,2.27,1.8,1.66,3470.21,0,4.6
QC100534,Delhi-NCR,Road,1269.2,1.62,3.4,3.77,9762.37,1,2.8
QC100535,Hyderabad,Road,379.2,3.03,1.5,1.24,2939.72,0,3.9
QC100536,Delhi-NCR,Road,1017.0,2.28,3.1,3.21,7845.03,1,3.4
QC100537,Delhi-NCR,Road,1229.7,1.61,3.6,3.72,9438.31,1,2.4
QC100538,Pune,Road,66.0,3.08,0.9,1.34,574.77,1,3.2
QC100539,Bangalore,Air,561.5,7.89,1.7,0.72,11340.01,0,5.0
QC100540,Mumbai,Air,1069.1,2.41,3.2,1.61,21212.0,0,3.7
QC100541,Pune,Road,641.2,7.38,2.5,1.95,5078.16,0,4.2
QC100542,Pune,Road,380.0,10.68,1.6,1.69,3081.11,1,2.2
QC100543,Bangalore,Rail,314.0,,1.5,1.27,1775.69,0,4.3
QC100544,Mumbai,Air,191.1,3.02,1.1,0.7,3763.76,0,5.0
QC100545,Hyderabad,Rail,1201.1,10.61,3.5,4.28,6566.67,1,3.5
QC100546,Hyderabad,AIR,808.9,2.79,2.5,0.77,16192.84,0,4.1
QC100547,Pune,Road,114.3,3.07,1.2,1.3,1039.83,1,4.4
QC100548,Mumbai,Road,540.6,1.1,1.9,1.64,4038.66,0,3.5
QC100549,Pune,Road,519.9,2.18,2.0,1.56,4014.31,0,4.6
QC100550,Delhi-NCR,Road,261.0,4.19,1.4,1.0,2081.06,0,4.4
QC100551,Pune,Road,614.2,12.9,2.4,2.07,4974.21,0,4.3
QC100552,Pune,Road,470.3,2.67,1.9,1.63,3750.21,0,4.8
QC100553,Hyderabad,Road,483.8,1.11,2.1,1.89,3657.37,0,3.8
QC100554,Hyderabad,Air,1036.7,,3.1,1.6,20489.42,0,4.6
QC100555,Hyderabad,Air,318.8,2.94,1.5,0.9,6365.09,0,4.5
QC100556,Delhi-NCR,Road,901.5,6.09,2.8,3.94,6948.28,1,2.9
QC100557,Hyderabad,Air,802.3,4.4,2.4,1.2,15801.89,0,5.0
QC100558,Mumbai,Road,798.8,3.96,2.6,1.95,6168.47,0,4.3
QC100559,Bangalore,Rail,930.9,6.59,2.7,2.0,5196.93,0,4.3
QC100560,Mumbai,Road,771.3,1.95,2.5,1.71,5934.32,0,3.9
QC100561,Mumbai,Rail,1231.9,3.04,3.6,4.19,6744.42,1,3.2
QC100562,Hyderabad,Air,948.4,2.2,3.1,1.63,18846.78,0,
QC100563,Bangalore,Road,769.4,2.55,2.5,1.53,5870.19,0,4.3
QC100564,Bangalore,Road,1163.0,1.64,3.5,3.84,8930.55,1,3.6
QC100565,Bangalore,Road,851.8,2.44,2.8,2.37,6468.68,0,4.9
QC100566,Delhi-NCR,Road,413.3,2.95,1.6,1.84,3184.13,1,3.2
QC100567,Hyderabad,Road,296.3,2.4,1.8,2.21,2312.92,1,3.1
QC100568,Bangalore,Road,220.0,,1.2,1.68,1732.07,1,3.5
QC100569,Delhi-NCR,Road,1260.0,3.83,3.6,4.0,9630.48,1,3.2
QC100570,Pune,Air,996.5,6.32,3.2,1.67,19779.12,0,4.2
QC100571,Pune,Rail,1312.8,6.6,3.9,4.46,7225.38,1,3.8
QC100572,Delhi-NCR,Road,847.8,4.74,2.7,2.6,6620.63,0,4.4
QC100573,Delhi-NCR,Road,667.0,1.41,2.4,2.38,5115.51,0,5.0
QC100574,Hyderabad,Road,91.1,2.42,1.0,1.07,725.05,1,3.3
QC100575,Hyderabad,Air,942.9,2.55,2.8,1.29,18771.2,0,
QC100576,Pune,Road,818.4,2.03,2.4,2.01,6250.98,0,2.7
QC100577,Bangalore,Rail,1386.4,3.69,3.9,3.77,7656.6,0,3.5
QC100578,Pune,Air,340.9,1.15,1.7,0.3,6689.8,0,3.6
QC100579,Bangalore,Road,746.8,8.3,2.3,2.06,5925.33,0,4.5
QC100580,Bangalore,Road,914.1,6.15,2.8,1.65,7135.92,0,3.9
QC100581,Hyderabad,Rail,905.3,4.0,3.2,3.32,5105.23,1,2.3
QC100582,Mumbai,Air,789.3,2.89,2.7,0.41,15612.89,0,4.3
QC100583,Mumbai,Road,1089.5,6.28,3.0,2.69,8307.67,0,3.9
QC100584,Delhi-NCR,Road,293.3,4.54,1.6,1.57,2400.43,0,4.6
QC100585,Hyderabad,Air,1018.1,5.84,2.9,1.74,92641.88509538434,0,4.6
QC100586,Bangalore,ROAD,870.7,2.9,2.3,2.54,6750.0,1,3.6
QC100587,Mumbai,Rail,1255.3,8.79,3.5,3.88,7007.77,1,2.0
QC100588,Bangalore,Road,1187.3,6.05,3.6,2.46,9214.53,0,4.4
QC100589,Mumbai,ROAD,446.7,4.08,2.0,1.9,3504.63,0,4.3
QC100590,Mumbai,Air,392.5,6.38,1.7,0.3,7910.4,0,3.8
QC100591,Mumbai,Road,1374.5,2.34,3.7,3.89,10607.29,1,
QC100592,Hyderabad,Road,742.0,1.49,2.5,2.59,5738.34,1,3.2
QC100593,Pune,Road,1269.7,3.64,3.5,3.93,9705.73,1,3.8
QC100594,Bangalore,Road,236.1,2.9,1.2,1.03,1967.86,0,3.1
QC100595,Hyderabad,Air,902.8,2.67,2.9,0.97,17926.57,0,4.0
QC100596,Hyderabad,Road,1135.3,6.23,3.2,2.73,8828.29,0,4.5
QC100597,Hyderabad,Road,1326.8,3.32,3.9,3.21,10252.44,0,5.0
QC100598,Hyderabad,AIR,477.6,3.52,1.8,0.3,9589.2,0,4.2
QC100599,Hyderabad,Air,1017.2,2.47,3.3,1.8,20248.15,0,5.0
QC100600,Delhi-NCR,Road,758.0,5.1,2.2,2.91,5898.4,1,2.4
QC100601,Bangalore,Road,92.4,4.58,0.9,0.95,793.35,1,2.3
QC100602,Hyderabad,Rail,968.5,5.07,2.9,3.34,5345.68,1,3.8
QC100603,Bangalore,Air,968.6,2.23,2.6,2.01,19284.42,0,3.2
QC100604,Delhi-NCR,Road,1303.4,6.57,3.3,3.76,10022.51,1,3.5
QC100605,Delhi-NCR,Road,700.3,9.05,2.0,2.43,5558.84,1,3.2
QC100606,Bangalore,Road,328.5,4.98,1.5,1.18,2549.49,0,3.9
QC100607,Mumbai,Air,70.0,1.85,0.9,0.3,1530.37,0,4.2
QC100608,Pune,Rail,586.6,1.86,2.1,2.47,3223.16,1,2.7
QC100609,Mumbai,Air,428.3,2.4,1.7,0.45,8498.58,0,4.2
QC100610,Mumbai,Air,1067.4,2.14,3.2,1.06,21198.76,0,4.4
QC100611,Mumbai,AIR,501.1,2.88,1.8,1.05,9974.17,0,4.2
QC100612,Hyderabad,Road,1329.1,4.39,3.8,3.49,10237.02,0,4.1
QC100613,Delhi-NCR,ROAD,1347.5,3.58,3.8,3.95,10264.26,1,3.4
QC100614,Mumbai,Road,872.3,3.39,2.7,2.26,6672.66,0,5.0
QC100615,Delhi-NCR,Road,1300.7,2.6,3.7,3.78,9988.73,1,3.2
QC100616,Bangalore,Rail,1067.1,2.87,3.1,2.86,5712.7,0,4.8
QC100617,Pune,Road,769.2,4.84,2.2,2.04,5936.27,0,3.9
QC100618,Bangalore,Road,259.0,0.9,1.5,0.73,1967.56,0,3.7
QC100619,Bangalore,Road,646.4,2.98,2.1,2.17,4951.83,1,
QC100620,Hyderabad,Road,788.7,3.57,2.7,2.52,6144.16,0,4.3
QC100621,Pune,Road,1210.6,4.81,3.5,3.63,9294.86,1,3.9
QC100622,Bangalore,Road,678.0,1.64,2.3,2.3,5221.52,1,4.0
QC100623,Bangalore,Air,1257.6,1.59,3.3,1.27,24907.91,0,4.8
QC100624,Pune,ROAD,946.7,4.26,3.1,3.03,7311.81,0,4.8
QC100625,Pune,AIR,198.7,0.96,1.2,0.49,4047.92,0,2.7
QC100626,Bangalore,Road,1393.0,6.68,3.9,3.25,10787.47,0,4.6
QC100627,Pune,Road,741.9,3.44,2.4,2.73,5759.84,1,3.7
QC100628,Bangalore,Road,553.5,7.65,2.0,1.87,4326.05,0,3.8
QC100629,Bangalore,Road,925.5,1.56,2.8,2.24,7145.72,0,4.4
QC100630,Hyderabad,Air,159.6,2.31,1.2,0.67,3236.7,0,3.9
QC100631,Mumbai,Road,894.1,,2.7,1.94,6881.9,0,4.9
QC100632,Bangalore,Road,701.5,1.86,2.3,2.04,5327.4,0,3.9
QC100633,Delhi-NCR,Air,574.1,2.69,2.1,0.38,11380.49,0,4.0
QC100634,Mumbai,Road,1334.6,0.93,3.8,2.97,10312.44,0,4.2
QC100635,Mumbai,Road,735.4,2.37,2.4,2.35,38564.800948899945,0,5.0
QC100636,Mumbai,Air,313.0,0.91,1.6,0.3,6307.98,0,4.9
QC100637,Hyderabad,Road,646.9,2.57,2.1,2.84,4962.26,1,4.1
QC100638,Bangalore,Road,1287.8,5.98,3.9,3.44,9968.2,0,3.5
QC100639,Hyderabad,RAIL,253.1,2.94,1.6,0.69,1408.43,0,3.8
QC100640,Bangalore,Air,305.8,8.12,1.6,1.51,6150.31,0,5.0
QC100641,Hyderabad,Road,26.1,4.82,0.6,1.76,236.6,1,2.4
QC100642,Hyderabad,Air,27.8,6.75,1.0,0.3,629.69,0,4.1
QC100643,Delhi-NCR,Road,1162.5,1.9,3.3,3.09,8936.21,0,5.0
QC100644,Hyderabad,Road,1027.1,1.87,2.9,3.67,7944.4,1,2.8
QC100645,Pune,Road,502.2,3.7,1.8,1.57,3913.42,0,3.5
QC100646,Delhi-NCR,Road,980.0,1.17,2.8,3.08,7516.06,1,3.3
QC100647,Hyderabad,Road,558.1,3.99,2.1,2.4,4413.91,1,2.4
QC100648,Mumbai,Road,1334.4,2.47,4.0,3.3,10255.1,0,5.0
QC100649,Pune,Air,1354.1,6.67,3.9,1.61,26898.67,0,4.0
QC100650,Pune,Air,554.8,4.52,2.4,0.36,69430.76705213831,0,3.9
QC100651,Pune,Road,1197.1,5.8,3.2,2.98,9338.44,0,4.4
QC100652,Delhi-NCR,Air,1084.1,1.91,3.1,1.46,21479.8,0,4.2
QC100653,Hyderabad,Road,439.5,5.63,1.6,1.15,3428.8,0,4.5
QC100654,Hyderabad,Road,331.0,7.15,1.7,0.93,2620.95,0,4.7
QC100655,Mumbai,Air,645.9,2.94,2.2,0.93,12914.59,0,4.3
QC100656,Mumbai,Road,1095.6,1.93,3.2,2.13,8381.7,0,3.8
QC100657,Pune,Road,1344.6,1.95,3.8,3.2,10380.72,0,4.8
QC100658,Mumbai,Road,1070.9,6.32,2.9,3.59,8292.32,1,3.0
QC100659,Delhi-NCR,Road,1198.4,15.04,3.3,3.4,9365.98,1,2.9
QC100660,Hyderabad,Road,847.5,1.67,2.8,2.39,6493.49,0,4.5
QC100661,Pune,Road,1170.9,1.59,3.3,3.03,8984.04,0,
QC100662,Mumbai,Rail,1099.9,5.22,2.9,3.24,6026.51,1,3.5
QC100663,Delhi-NCR,Road,532.8,1.91,1.8,2.17,4101.9,1,3.4
QC100664,Delhi-NCR,ROAD,776.4,5.53,2.5,2.73,6019.68,1,3.9
QC100665,Mumbai,Road,1128.2,3.97,3.3,2.78,8655.09,0,4.1
QC100666,Hyderabad,ROAD,72.1,2.96,0.9,0.71,605.49,0,5.0
QC100667,Mumbai,Rail,1132.8,3.91,3.2,3.98,6219.96,1,3.6
QC100668,Pune,Air,255.6,3.77,1.5,0.3,5040.98,0,4.4
QC100669,Mumbai,Air,724.4,2.7,2.4,0.98,14469.66,0,5.0
QC100670,Delhi-NCR,Road,1133.1,1.05,3.3,3.44,8465.32,1,3.3
QC100671,Mumbai,Road,361.3,3.34,1.5,1.02,2828.58,0,4.1
QC100672,Hyderabad,Road,350.2,7.72,1.8,1.39,2845.96,0,4.5
QC100673,Bangalore,Air,568.6,1.14,2.0,0.44,11242.6,0,4.1
QC100674,Mumbai,Road,1253.3,1.68,3.5,3.45,9490.43,0,4.6
QC100675,Hyderabad,Road,8.6,3.88,1.0,0.3,129.83,0,5.0
QC100676,Hyderabad,Rail,1262.7,3.07,3.6,4.58,6884.02,1,3.3
QC100677,Delhi-NCR,Road,222.1,3.84,1.3,1.17,1699.26,0,4.4
QC100678,Hyderabad,ROAD,1386.2,,3.5,3.64,10590.08,1,3.7
QC100679,Hyderabad,Road,1337.1,6.03,3.8,3.31,10395.12,0,5.0
QC100680,Hyderabad,Rail,696.6,3.09,2.3,3.04,3824.32,1,3.1
QC100681,Hyderabad,Road,721.7,4.56,2.5,2.03,5512.56,0,
QC100682,Pune,Air,678.3,3.64,2.3,0.53,13522.85,0,4.8
QC100683,Pune,Air,892.5,3.34,2.7,1.65,17675.79,0,4.6
QC100684,Delhi-NCR,Road,134.3,4.38,1.2,0.62,1059.75,0,3.5
QC100685,Mumbai,Air,53.4,3.36,0.9,0.3,1129.66,0,
QC100686,Hyderabad,Road,88.3,1.47,0.8,1.16,708.22,1,3.6
QC100687,Mumbai,Road,626.6,5.77,2.4,1.95,4873.19,0,4.7
QC100688,Mumbai,Air,391.6,4.91,1.4,1.36,7811.81,0,3.8
QC100689,Delhi-NCR,Rail,873.9,0.85,2.8,2.91,4719.31,1,3.4
QC100690,Hyderabad,Road,1389.5,2.03,4.1,3.74,10619.38,0,4.8
QC100691,Hyderabad,Road,545.8,5.61,1.8,1.83,4341.69,1,2.9
QC100692,Bangalore,Road,806.8,1.0,2.5,2.4,6095.87,0,4.1
QC100693,Mumbai,ROAD,586.5,5.29,2.0,2.32,4567.49,1,3.7
QC100694,Mumbai,Road,1187.4,2.76,3.4,3.09,9045.73,0,4.1
QC100695,Pune,Road,1263.9,,3.8,3.32,9845.78,0,4.3
QC100696,Bangalore,Road,1229.3,3.0,3.3,2.39,9443.61,0,3.9
QC100697,Pune,Road,1364.3,1.95,3.7,3.64,10408.59,0,5.0
QC100698,Pune,Road,46.3,3.61,1.1,0.45,460.28,0,4.7
QC100699,Pune,Road,1177.0,2.95,3.3,3.44,8919.63,1,3.2
QC100700,Delhi-NCR,Road,1054.5,1.85,3.0,3.03,8117.08,1,3.1
QC100701,Delhi-NCR,Air,326.3,11.37,1.6,0.6,6734.48,0,3.8
QC100702,Pune,Road,1339.2,1.68,3.8,2.96,10285.89,0,4.3
QC100703,Bangalore,Rail,214.3,0.78,1.2,0.42,1140.87,0,4.7
QC100704,Mumbai,Rail,953.9,7.76,3.0,3.76,5216.21,1,2.9
QC100705,Bangalore,Road,321.0,2.12,1.3,1.24,2558.76,0,4.5
QC100706,Hyderabad,Air,608.5,2.51,1.9,1.13,12149.13,0,4.2
QC100707,Delhi-NCR,Road,1009.1,2.42,2.9,2.72,7724.45,0,5.0
QC100708,Mumbai,Road,792.1,2.13,2.6,2.58,6060.79,0,4.1
QC100709,Mumbai,Road,603.1,1.9,2.2,2.11,4719.12,0,4.8
QC100710,Hyderabad,Road,462.3,1.65,1.6,1.37,3598.19,0,5.0
QC100711,Hyderabad,Road,1176.8,3.12,3.5,2.92,8951.48,0,4.2
QC100712,Pune,Road,208.2,2.36,1.3,0.77,1623.47,0,4.1
QC100713,Delhi-NCR,Air,606.7,4.66,2.0,1.0,12082.59,0,4.9
QC100714,Delhi-NCR,Air,1266.0,4.01,3.4,1.84,25153.84,0,3.5
QC100715,Bangalore,Road,1185.4,1.72,3.4,2.92,9099.63,0,4.6
QC100716,Pune,Air,566.1,3.21,2.2,1.4,11235.8,0,
QC100717,Pune,Road,1070.2,2.34,3.1,2.67,8239.85,0,5.0
QC100718,Pune,Road,1153.8,1.66,3.2,2.7,8829.58,0,4.3
QC100719,Pune,Air,1245.3,4.54,3.2,1.6,24943.51,0,4.4
QC100720,Delhi-NCR,Road,766.0,2.79,2.7,1.83,5917.48,0,4.0
QC100721,Delhi-NCR,Road,292.6,2.35,1.6,1.64,2279.81,1,2.5
QC100722,Pune,Road,363.4,1.8,1.6,1.44,2922.98,0,5.0
QC100723,Bangalore,Road,419.6,1.62,1.9,1.24,3157.24,0,4.3
QC100724,Mumbai,Rail,834.6,9.91,2.7,2.57,4678.62,0,5.0
QC100725,Mumbai,Road,53.7,3.67,0.8,1.05,419.89,1,2.9
QC100726,Bangalore,Rail,893.4,1.56,2.8,3.08,4890.54,1,3.0
QC100727,Pune,Road,515.2,3.57,1.8,1.64,3975.88,0,4.0
QC100728,Delhi-NCR,Road,419.0,5.68,1.6,1.91,3342.4,1,3.2
QC100729,Mumbai,Road,1232.3,3.32,3.6,3.5,9517.34,0,5.0
QC100730,Hyderabad,Road,648.3,6.85,2.3,2.26,5129.62,0,4.9
QC100731,Hyderabad,Road,140.3,1.19,0.9,0.87,1126.19,0,3.6
QC100732,Bangalore,Rail,1158.8,,3.1,3.5,6260.46,1,3.9
QC100733,Pune,Air,74.3,3.51,0.9,0.3,1450.46,0,4.7
QC100734,Mumbai,Road,1019.6,3.55,2.9,2.74,7924.39,0,4.6
QC100735,Pune,Rail,1085.3,0.41,3.2,3.41,5952.54,1,3.0
QC100736,Mumbai,Air,498.8,2.07,1.9,0.62,9857.23,0,4.1
QC100737,Bangalore,Air,1156.1,1.64,3.5,0.67,22964.45,0,4.5
QC100738,Bangalore,Road,725.8,,2.4,1.58,5505.55,0,4.1
QC100739,Hyderabad,Road,652.9,1.64,2.1,1.94,5036.41,0,5.0
QC100740,Pune,Road,71.2,4.3,0.7,1.12,646.65,1,3.0
QC100741,Hyderabad,Road,411.7,1.63,1.7,1.69,3153.27,0,3.4
QC100742,Pune,Road,1304.0,1.67,3.4,3.84,10011.36,1,2.6
QC100743,Hyderabad,Air,553.4,1.14,1.9,1.41,11028.73,0,3.8
QC100744,Delhi-NCR,Road,769.0,6.43,2.4,2.64,5992.03,1,3.2
QC100745,Delhi-NCR,ROAD,748.6,3.9,2.4,2.52,5756.48,1,3.4
QC100746,Delhi-NCR,Rail,829.9,0.67,2.4,2.73,4420.09,1,3.3
QC100747,Delhi-NCR,Rail,93.4,1.67,0.9,1.83,510.97,1,3.5
QC100748,Mumbai,Road,512.1,4.13,2.1,1.08,3921.42,0,4.3
QC100749,Delhi-NCR,Rail,1014.6,6.48,3.2,3.69,5572.84,1,3.2
QC100750,Bangalore,Road,287.2,4.98,1.7,1.45,2258.81,0,5.0
QC100751,Bangalore,Road,291.4,2.43,1.4,1.46,2321.2,1,3.9
QC100752,Mumbai,Road,22.0,0.94,0.9,0.3,189.63,0,4.6
QC100753,Delhi-NCR,Road,617.0,5.06,2.3,1.98,4963.97,0,4.9
QC100754,Delhi-NCR,Road,1236.8,2.51,3.3,3.32,9385.88,1,2.3
QC100755,Delhi-NCR,Road,80.2,3.13,1.1,0.3,688.67,0,4.0
QC100756,Hyderabad,Road,274.0,2.7,1.6,1.31,2117.61,0,4.2
QC100757,Pune,Road,439.6,1.33,1.6,1.28,3329.52,0,4.0
QC100758,Hyderabad,Road,1026.6,3.74,3.2,3.6,7919.02,1,2.5
QC100759,Pune,Air,899.8,3.44,3.1,1.48,17871.68,0,4.6
QC100760,Delhi-NCR,Road,587.0,2.33,2.2,2.09,4597.16,0,5.0
QC100761,Delhi-NCR,Road,1064.6,3.99,3.2,3.03,8221.49,0,4.4
QC100762,Hyderabad,Road,856.6,1.32,2.5,2.65,6535.18,1,3.6
QC100763,Hyderabad,Road,1255.3,2.56,3.7,3.42,9669.18,0,4.4
QC100764,Pune,Road,1146.7,3.05,3.1,3.15,8813.38,1,3.1
QC100765,Bangalore,Air,359.9,1.06,1.6,1.36,7077.57,0,4.9
QC100766,Pune,Road,385.8,2.9,1.7,1.02,2988.66,0,3.7
QC100767,Hyderabad,Road,182.5,4.67,0.7,0.98,1494.04,1,2.4
QC100768,Hyderabad,Air,477.1,2.5,1.9,1.11,9495.92,0,3.7
QC100769,Mumbai,Road,1399.4,2.94,4.2,3.34,10778.15,0,4.8
QC100770,Hyderabad,Air,572.8,4.21,1.7,1.56,11385.63,0,4.4
QC100771,Mumbai,Road,314.9,2.38,1.5,1.5,2470.88,1,3.5
QC100772,Bangalore,Road,1069.4,2.51,2.8,2.38,8233.3,0,5.0
QC100773,Pune,Road,763.1,1.48,2.3,2.36,5872.05,1,2.7
QC100774,Pune,Road,216.2,2.98,1.0,0.8,1709.51,0,5.0
QC100775,Mumbai,Air,537.9,2.46,2.0,0.49,10825.27,0,4.2
QC100776,Pune,Air,584.9,4.05,2.2,0.85,11720.53,0,4.1
QC100777,Hyderabad,Air,1057.3,4.21,3.2,1.97,21028.04,0,4.4
QC100778,Delhi-NCR,Air,36.8,4.83,0.7,0.66,767.57,0,4.5
QC100779,Mumbai,Road,382.5,2.21,1.5,1.37,2948.37,0,4.3
QC100780,Pune,Air,728.5,0.81,2.4,1.37,14535.83,0,4.7
QC100781,Mumbai,Road,382.2,4.69,1.5,1.48,2974.47,0,4.4
QC100782,Mumbai,Road,882.8,3.89,2.5,1.95,6813.5,0,4.3
QC100783,Delhi-NCR,Road,678.8,2.05,2.2,2.24,5216.44,1,3.1
QC100784,Hyderabad,Road,511.5,4.19,1.8,1.78,4010.47,0,4.5
QC100785,Mumbai,Road,1329.3,1.26,3.8,3.66,10165.63,0,3.7
QC100786,Pune,Rail,888.0,5.57,2.9,2.77,4906.07,0,
QC100787,Bangalore,Road,188.9,2.46,1.6,0.56,1464.51,0,4.2
QC100788,Mumbai,Road,787.6,1.83,2.6,2.2,6136.95,0,4.7
QC100789,Mumbai,Road,1094.8,2.07,3.3,2.61,8371.3,0,5.0
QC100790,Delhi-NCR,Air,994.2,2.61,2.9,1.33,19790.8,0,4.3
QC100791,Hyderabad,Road,247.5,,1.3,1.17,1911.91,0,3.5
QC100792,Bangalore,Air,1361.6,3.09,4.0,1.4,26964.08,0,4.0
QC100793,Pune,Road,632.7,2.32,2.1,2.38,4839.87,1,3.6
QC100794,Bangalore,Road,229.4,3.39,1.3,1.57,1713.24,1,2.8
QC100795,Pune,Road,258.8,3.02,1.5,1.52,2060.5,1,2.6
QC100796,Hyderabad,Air,144.7,2.04,1.1,0.3,2831.94,0,4.7
QC100797,Pune,Air,1126.5,1.86,3.5,1.21,22316.7,0,4.6
QC100798,Delhi-NCR,ROAD,177.9,4.33,1.3,1.02,1484.57,0,3.7
QC100799,Delhi-NCR,Road,182.2,4.11,1.3,0.36,1511.57,0,4.0
QC100800,Delhi-NCR,Road,1191.9,3.11,3.3,3.18,9088.12,0,5.0
QC100801,Delhi-NCR,Road,487.7,5.23,1.9,1.76,3843.68,0,4.8
QC100802,Bangalore,Road,51.0,0.93,0.8,0.47,475.32,0,3.8
QC100803,Hyderabad,Air,80.2,2.14,1.0,0.39,1588.27,0,3.4
QC100804,Pune,Road,205.9,1.5,1.2,0.5,1632.95,0,4.5
QC100805,Pune,Road,305.0,11.63,1.6,1.09,2473.99,0,4.3
QC100806,Delhi-NCR,Road,933.9,4.61,2.8,2.97,7250.45,1,3.4
QC100807,Delhi-NCR,ROAD,227.0,2.86,1.6,1.21,1795.91,0,4.7
QC100808,Mumbai,Rail,173.5,4.81,1.1,1.28,1063.15,1,2.8
QC100809,Hyderabad,Road,1072.5,5.87,3.1,3.25,8346.23,1,3.1
QC100810,Bangalore,Air,942.1,5.83,2.9,0.99,18677.31,0,4.0
QC100811,Pune,Air,614.0,5.22,2.3,0.98,12259.35,0,4.0
QC100812,Mumbai,Road,772.6,2.57,2.6,1.87,6043.82,0,4.7
QC100813,Mumbai,Rail,442.3,2.22,1.8,1.65,2297.26,0,4.5
QC100814,Pune,Road,679.6,1.69,2.3,1.67,5287.38,0,3.6
QC100815,Bangalore,Rail,713.3,4.06,2.4,2.73,4021.0,1,3.7
QC100816,Mumbai,Road,547.0,2.73,1.8,1.61,4144.61,0,4.2
QC100817,Mumbai,Road,1269.9,2.34,3.7,3.66,9716.61,0,4.8
QC100818,Hyderabad,Air,30.4,2.27,0.7,0.46,673.84,0,3.9
QC100819,Bangalore,Rail,1096.8,7.17,3.0,2.84,5998.61,0,3.9
QC100820,Mumbai,Air,181.1,5.32,1.2,0.56,3763.41,0,4.5
QC100821,Bangalore,Road,1118.2,9.01,3.2,3.09,8779.94,0,3.9
QC100822,Pune,Road,865.3,4.13,2.8,2.47,6610.79,0,4.3
QC100823,Delhi-NCR,Rail,1181.8,3.11,3.4,4.14,6393.12,1,2.7
QC100824,Mumbai,Road,143.7,2.96,1.1,0.65,1198.78,0,4.2
QC100825,Hyderabad,Air,786.1,1.63,2.3,1.18,15637.96,0,4.4
QC100826,Pune,Air,705.5,,2.3,1.12,14127.39,0,4.4
QC100827,Bangalore,Road,991.0,4.07,3.0,2.28,7601.62,0,
QC100828,Pune,Road,751.7,1.71,2.5,1.82,5868.84,0,4.6
QC100829,Mumbai,Road,760.7,3.41,2.4,2.68,5825.9,1,3.4
QC100830,Bangalore,Road,606.0,5.87,2.2,1.99,4771.58,0,4.4
QC100831,Delhi-NCR,Rail,437.9,2.02,1.7,1.79,2454.56,1,3.0
QC100832,Pune,Road,679.3,10.04,2.3,2.18,5197.73,0,4.9
QC100833,Mumbai,Rail,172.9,1.66,1.3,0.51,1018.21,0,4.6
QC100834,Hyderabad,Road,1346.4,5.44,3.7,2.94,10480.95,0,3.9
QC100835,Bangalore,Rail,1002.5,3.88,2.9,3.41,5549.09,1,3.6
QC100836,Pune,Road,1333.8,6.15,3.8,3.62,10437.47,0,4.8
QC100837,Pune,Road,323.6,1.54,1.3,1.3,2561.17,0,4.4
QC100838,Delhi-NCR,Road,1232.0,11.99,3.7,3.72,9608.39,1,3.3
QC100839,Delhi-NCR,Air,1133.8,2.7,3.3,2.91,22572.18,0,3.4
QC100840,Hyderabad,Air,950.6,4.51,2.9,1.7,18867.42,0,4.0
QC100841,Hyderabad,Air,878.0,7.15,2.8,0.85,17518.05,0,4.8
QC100842,Mumbai,Road,448.6,2.09,1.9,0.84,3519.32,0,4.0
QC100843,Mumbai,Road,1144.4,4.93,3.3,3.39,8870.28,1,3.2
QC100844,Hyderabad,Road,706.1,1.89,2.5,2.6,5516.75,1,2.9
QC100845,Hyderabad,Road,106.7,6.95,0.9,1.11,1090.68,1,3.4
QC100846,Bangalore,Road,443.5,1.9,1.9,1.1,3358.73,0,4.6
QC100847,Delhi-NCR,Rail,1309.9,3.07,3.5,4.62,7109.02,1,3.5
QC100848,Mumbai,Rail,1192.1,3.61,3.5,3.31,6521.3,0,3.8
QC100849,Delhi-NCR,Rail,1374.8,4.81,3.8,4.92,7482.71,1,3.4
QC100850,Delhi-NCR,Air,882.2,9.79,2.5,1.72,17639.24,0,5.0
QC100851,Hyderabad,Road,352.5,2.29,1.6,1.23,2784.39,0,4.8
QC100852,Bangalore,Road,234.6,5.95,1.3,1.46,1940.36,1,3.3
QC100853,Pune,ROAD,268.2,9.8,1.2,1.24,2242.97,1,2.3
QC100854,Bangalore,Air,35.6,3.32,0.6,0.49,773.5,0,4.3
QC100855,Bangalore,Road,551.8,2.16,2.0,1.12,4246.72,0,5.0
QC100856,Delhi-NCR,Road,274.5,1.06,1.6,1.41,2203.28,0,5.0
QC100857,Bangalore,Road,581.0,9.3,2.1,1.43,4711.85,0,4.6
QC100858,Mumbai,Road,1309.5,2.59,3.6,3.5,10125.42,0,4.0
QC100859,Delhi-NCR,Rail,607.3,1.65,2.3,3.08,3240.16,1,3.3
QC100860,Mumbai,Air,1230.2,1.33,3.6,1.62,24366.17,0,4.8
QC100861,Pune,Road,850.9,1.65,2.8,2.11,6551.06,0,4.9
QC100862,Delhi-NCR,Rail,352.0,5.22,1.7,2.02,1938.32,1,3.5
QC100863,Pune,Air,503.3,5.67,2.0,0.98,10072.15,0,4.8
QC100864,Delhi-NCR,Road,124.8,4.44,1.2,1.78,1035.97,1,3.3
QC100865,Hyderabad,Road,472.2,3.25,1.8,1.82,3735.88,1,3.2
QC100866,Bangalore,Road,951.1,1.42,2.6,2.2,7271.58,0,4.2
QC100867,Hyderabad,Road,108.4,1.94,1.0,1.19,933.98,1,3.5
QC100868,Pune,Rail,293.9,1.55,1.6,1.42,1557.52,0,4.9
QC100869,Bangalore,Road,539.0,4.24,1.9,1.65,4150.6,0,4.8
QC100870,Delhi-NCR,Rail,1375.0,1.59,3.8,4.29,7430.86,1,2.7
QC100871,Bangalore,Road,1100.5,1.96,3.0,2.68,8456.98,0,3.8
QC100872,Mumbai,ROAD,1029.0,2.69,3.0,2.74,7775.28,0,5.0
QC100873,Bangalore,Road,169.7,1.1,1.2,0.83,1345.56,0,4.5
QC100874,Mumbai,Road,1095.1,3.09,3.3,2.63,8535.7,0,4.5
QC100875,Bangalore,Road,1101.1,2.82,3.1,2.85,8513.25,0,4.5
QC100876,Mumbai,Rail,844.7,6.11,2.6,2.38,4658.72,0,5.0
QC100877,Pune,Road,1386.6,1.84,4.0,3.18,10575.53,0,4.2
QC100878,Hyderabad,Road,460.8,1.38,1.9,1.98,3441.18,1,3.9
QC100879,Delhi-NCR,Road,1318.3,2.4,3.7,4.08,10029.61,1,3.4
QC100880,Bangalore,Road,1281.3,,3.8,2.57,9821.99,0,3.6
QC100881,Hyderabad,Road,24.0,3.08,0.8,0.3,365.45,0,4.0
QC100882,Delhi-NCR,Road,634.6,0.98,2.2,1.78,4709.31,0,4.1
QC100883,Delhi-NCR,Road,1368.1,2.09,3.9,3.9,10545.6,0,4.9
QC100884,Mumbai,Road,151.5,1.72,1.0,1.35,1149.27,1,3.9
QC100885,Pune,Road,770.5,4.22,2.5,2.23,5950.16,0,4.6
QC100886,Pune,Road,1370.7,1.85,3.8,3.31,10462.89,0,4.1
QC100887,Hyderabad,Road,781.2,1.06,2.9,2.49,5913.21,0,3.9
QC100888,Pune,Road,272.2,2.66,1.4,1.16,2137.75,0,5.0
QC100889,Bangalore,Rail,818.4,3.64,2.8,2.0,4500.65,0,3.8
QC100890,Pune,Air,292.6,2.55,1.6,0.3,5879.48,0,4.3
QC100891,Hyderabad,Road,731.4,2.08,2.2,1.78,5531.54,0,5.0
QC100892,Pune,ROAD,111.1,2.01,0.8,1.84,938.53,1,3.0
QC100893,Bangalore,Rail,850.8,3.21,2.7,2.97,4705.61,1,2.7
QC100894,Mumbai,Air,727.4,1.76,2.6,0.76,14459.67,0,3.5
QC100895,Hyderabad,Road,1038.3,2.47,3.1,3.46,7962.2,1,4.5
QC100896,Mumbai,Rail,885.9,4.71,2.7,2.62,4887.15,0,4.6
QC100897,Mumbai,Road,773.1,1.38,2.4,2.62,5929.43,1,2.9
QC100898,Mumbai,Road,968.2,2.93,2.7,2.63,7517.58,0,4.3
QC100899,Delhi-NCR,Air,208.4,1.03,1.1,0.3,4122.87,0,4.1
QC100900,Delhi-NCR,Road,836.7,3.44,2.4,2.95,6469.16,1,2.4
QC100901,Mumbai,Rail,247.6,1.67,1.2,1.34,1262.8,1,3.7
QC100902,Hyderabad,Air,1296.3,5.54,3.5,1.89,25784.78,0,4.4
QC100903,Bangalore,ROAD,103.1,1.24,1.1,0.84,766.06,0,4.8
QC100904,Bangalore,Road,607.1,,2.1,1.83,4745.62,0,4.4
QC100905,Pune,ROAD,976.6,6.25,3.0,3.07,7630.8,1,3.4
QC100906,Hyderabad,Road,645.6,1.62,2.2,3.15,4931.4,1,2.2
QC100907,Delhi-NCR,Air,136.2,1.79,1.2,0.97,2730.85,0,4.9
QC100908,Mumbai,Road,778.3,1.7,2.3,2.29,5995.06,0,3.9
QC100909,Pune,Road,901.2,2.24,2.9,2.46,6956.58,0,4.0
QC100910,Bangalore,Air,987.7,4.1,2.7,1.12,19677.65,0,4.1
QC100911,Delhi-NCR,Road,527.6,2.14,1.9,1.43,4114.2,0,3.4
QC100912,Delhi-NCR,Air,792.6,1.53,2.5,1.49,15698.23,0,4.1
QC100913,Mumbai,Road,635.4,0.89,2.3,1.5,4972.73,0,4.1
QC100914,Bangalore,Rail,943.5,7.86,3.1,2.69,5281.5,0,4.2
QC100915,Hyderabad,Road,820.3,8.23,2.7,2.79,6507.74,1,2.4
QC100916,Delhi-NCR,Road,739.9,4.2,2.6,2.35,5756.64,0,4.9
QC100917,Mumbai,Road,355.3,1.85,1.5,1.12,2775.69,0,4.6
QC100918,Hyderabad,Road,10.8,4.7,1.0,0.3,160.19,0,4.0
QC100919,Bangalore,Air,250.3,5.31,1.5,0.98,5024.89,0,4.1
QC100920,Delhi-NCR,Air,171.0,2.58,0.8,0.3,3490.76,0,4.8
QC100921,Hyderabad,Road,633.1,3.08,2.1,1.85,4914.53,0,4.3
QC100922,Hyderabad,Road,860.3,6.29,2.8,1.89,6686.62,0,3.8
QC100923,Hyderabad,Road,304.6,1.12,1.4,1.33,2288.99,0,4.4
QC100924,Delhi-NCR,Road,1315.2,5.47,3.5,3.69,10253.05,1,2.8
QC100925,Delhi-NCR,Road,17.3,2.5,1.2,0.78,184.1,0,4.0
QC100926,Pune,Rail,1083.0,1.54,3.2,3.03,5802.32,0,
QC100927,Bangalore,Road,878.3,1.62,2.7,2.58,6753.04,0,4.9
QC100928,Mumbai,Road,528.0,1.79,1.8,0.94,4059.36,0,5.0
QC100929,Hyderabad,Road,78.3,1.45,0.9,0.78,610.58,0,5.0
QC100930,Pune,Air,881.5,8.7,2.6,1.26,17644.88,0,4.4
QC100931,Mumbai,Air,544.8,4.03,2.2,0.84,10847.61,0,5.0
QC100932,Pune,Rail,1311.3,5.69,3.7,4.15,7165.11,1,3.6
QC100933,Delhi-NCR,Road,762.5,4.21,2.4,2.81,5990.65,1,2.8
QC100934,Hyderabad,Road,1316.0,3.12,3.8,4.19,10019.19,1,3.3
QC100935,Mumbai,Rail,314.9,3.14,1.4,1.39,1753.9,0,4.1
QC100936,Mumbai,Air,1018.2,2.37,3.1,0.91,20258.75,0,3.8
QC100937,Mumbai,Road,867.2,2.49,2.7,2.61,6716.52,0,3.8
QC100938,Mumbai,Air,1037.3,1.29,3.1,1.2,20622.96,0,4.3
QC100939,Mumbai,Air,306.8,5.75,1.5,1.09,6299.43,0,4.8
QC100940,Pune,Road,933.7,1.01,2.9,2.41,7262.92,0,4.9
QC100941,Hyderabad,Air,701.3,1.59,2.5,0.73,13845.03,0,3.8
QC100942,Delhi-NCR,ROAD,1042.0,,3.2,3.22,8055.56,1,3.1
QC100943,Delhi-NCR,Road,463.2,3.26,1.8,1.08,3621.77,0,4.6
QC100944,Delhi-NCR,ROAD,1247.0,3.34,3.5,3.47,9518.42,0,4.5
QC100945,Delhi-NCR,Air,125.3,,1.3,0.33,2444.55,0,4.7
QC100946,Pune,Air,1131.6,1.19,3.3,1.57,22446.07,0,4.2
QC100947,Bangalore,Air,1207.0,1.3,3.4,1.01,23956.02,0,5.0
QC100948,Hyderabad,Road,1145.6,,3.2,2.92,8907.91,0,4.4
QC100949,Mumbai,Air,721.7,1.75,2.4,1.46,14367.27,0,4.8
QC100950,Bangalore,Air,618.2,2.87,2.0,0.84,12407.19,0,4.2
QC100951,Delhi-NCR,Air,1394.8,4.02,4.0,2.27,27710.73,0,4.4
QC100952,Bangalore,Air,327.0,6.91,1.4,0.36,6530.8,0,3.6
QC100953,Hyderabad,Air,769.3,4.89,2.7,1.13,15369.49,0,4.0
QC100954,Mumbai,Road,941.6,1.65,2.8,2.63,7313.0,0,4.3
QC100955,Mumbai,Road,983.6,2.4,2.8,3.33,7591.21,1,3.4
QC100956,Hyderabad,Road,292.0,2.04,1.5,1.22,2357.55,0,5.0
QC100957,Hyderabad,Road,918.4,1.63,2.7,2.68,7047.7,0,4.2
QC100958,Delhi-NCR,Air,1147.2,1.42,3.3,2.07,22772.87,0,3.7
QC100959,Mumbai,Air,77.6,8.15,0.9,0.3,1672.72,0,5.0
QC100960,Bangalore,Road,1276.8,3.02,3.7,3.2,9964.62,0,4.9
QC100961,Pune,Road,49.1,2.63,0.9,1.12,473.43,1,2.7
QC100962,Pune,Air,503.5,4.02,1.7,0.59,9974.66,0,4.6
QC100963,Hyderabad,Road,30.0,4.14,0.8,0.84,415.18,1,
QC100964,Delhi-NCR,Road,115.4,5.88,1.2,1.64,944.66,1,3.4
QC100965,Pune,Road,1276.3,1.92,3.8,3.77,9799.08,0,4.6
QC100966,Mumbai,Road,502.0,3.83,1.9,1.74,3937.34,0,4.1
QC100967,Hyderabad,Road,599.3,1.74,2.0,1.92,4648.96,0,4.7
QC100968,Bangalore,Road,307.8,2.68,1.6,0.92,2431.93,0,4.2
QC100969,Hyderabad,Road,839.2,3.11,2.7,2.17,6407.88,0,3.1
QC100970,Bangalore,Rail,836.0,3.3,2.8,3.19,4603.02,1,
QC100971,Hyderabad,Road,526.1,3.21,2.0,2.37,4148.48,1,2.5
QC100972,Hyderabad,Air,471.6,,1.8,0.56,9489.47,0,4.9
QC100973,Hyderabad,Road,1239.9,2.1,3.6,3.62,9444.93,1,2.7
QC100974,Bangalore,Road,541.5,3.35,2.0,1.67,4163.44,0,3.2
QC100975,Bangalore,Air,695.0,1.91,2.2,1.4,13732.71,0,3.5
QC100976,Hyderabad,Road,402.4,17.33,1.7,1.71,3410.69,1,3.3
QC100977,Pune,Road,1103.2,1.74,3.2,3.02,8377.7,0,4.5
QC100978,Delhi-NCR,Road,561.2,1.97,2.1,1.79,4261.28,0,3.7
QC100979,Delhi-NCR,Road,722.9,5.1,2.5,2.54,5582.08,1,2.8
QC100980,Delhi-NCR,Road,360.7,2.32,1.4,1.39,2693.31,0,4.4
QC100981,Bangalore,Road,1382.8,5.1,3.6,3.38,10668.55,0,4.9
QC100982,Bangalore,Air,413.8,3.29,1.7,0.62,8126.07,0,3.8
QC100983,Pune,Road,1080.9,2.36,3.2,2.83,8340.49,0,4.6
QC100984,Delhi-NCR,Air,603.1,1.91,2.2,0.62,11951.94,0,3.5
QC100985,Delhi-NCR,Air,295.1,1.87,1.5,0.86,5839.2,0,4.6
QC100986,Hyderabad,Rail,1121.2,2.37,3.5,3.79,6069.5,1,3.7
QC100987,Bangalore,Road,472.4,2.71,1.8,2.2,3659.02,1,3.6
QC100988,Delhi-NCR,Air,1212.3,1.82,3.4,1.3,24071.87,0,4.9
QC100989,Pune,Road,1282.0,2.81,3.5,3.67,9936.91,1,3.8
QC100990,Pune,Road,1204.9,1.56,3.5,3.22,9306.4,0,5.0
QC100991,Delhi-NCR,Road,56.7,4.73,0.9,1.64,652.8,1,3.4
QC100992,Bangalore,AIR,1104.0,5.3,2.9,1.53,21995.12,0,5.0
QC100993,Pune,Road,580.6,1.97,2.1,2.01,4485.47,0,3.9
QC100994,Hyderabad,Road,1224.2,1.9,3.5,3.42,9371.91,0,4.3
QC100995,Pune,Road,896.0,3.34,2.7,2.29,6889.09,0,4.3
QC100996,Mumbai,Air,1168.4,6.42,3.4,1.57,23282.22,0,3.9
QC100997,Mumbai,Air,703.2,7.33,2.2,0.43,13995.33,0,3.2
QC100998,Bangalore,Air,752.8,1.29,2.7,0.44,14942.4,0,4.8
QC100999,Delhi-NCR,Road,209.0,5.49,1.3,1.57,1696.54,1,2.8
QC101000,Bangalore,Road,1099.3,2.9,2.9,2.03,8418.16,0,4.2
QC101001,Bangalore,Air,591.8,2.93,2.1,0.7,11707.31,0,
QC101002,Bangalore,Road,704.1,4.07,2.4,1.53,5611.11,0,4.7
QC101003,Bangalore,Road,1100.9,2.25,3.0,2.57,8378.59,0,5.0
QC101004,Hyderabad,Air,841.6,5.8,2.7,1.3,16764.01,0,4.5
QC101005,Hyderabad,Rail,287.9,7.06,1.7,1.91,1755.1,1,3.6
QC101006,Pune,Air,829.6,7.22,2.5,1.65,16587.78,0,4.3
QC101007,Mumbai,Air,575.4,0.99,2.1,0.48,11382.33,0,4.0
QC101008,Bangalore,Rail,661.6,2.62,2.3,2.0,3548.27,0,4.7
QC101009,Pune,Road,47.4,0.94,1.0,2.33,387.32,1,3.1
QC101010,Mumbai,Road,300.4,1.9,1.4,1.1,2173.89,0,4.7
QC101011,Delhi-NCR,Rail,399.2,0.71,1.5,1.55,2178.65,1,3.0
QC101012,Hyderabad,Road,1000.4,3.94,3.1,2.65,7726.07,0,4.3
QC101013,Mumbai,Air,24.0,3.43,0.7,0.3,601.15,0,4.4
QC101014,Delhi-NCR,Road,577.0,2.32,2.3,1.89,4387.21,0,4.9
QC101015,Mumbai,Road,1294.2,1.87,3.7,3.19,9914.88,0,4.2
QC101016,Hyderabad,Air,163.7,3.63,1.1,0.47,3332.81,0,5.0
QC101017,Hyderabad,Rail,726.9,1.64,2.6,2.69,3967.11,1,2.8
QC101018,Pune,AIR,1102.8,1.57,3.2,1.06,21783.14,0,4.5
QC101019,Bangalore,Road,1320.0,1.46,3.6,3.32,10085.43,0,4.1
QC101020,Mumbai,Rail,1047.5,2.66,3.0,3.29,5788.37,1,3.9
QC101021,Mumbai,Road,1011.0,2.12,2.7,2.89,7787.87,1,2.9
QC101022,Delhi-NCR,Road,1158.5,2.39,3.4,2.76,8805.7,0,4.0
QC101023,Hyderabad,Road,629.1,4.11,1.9,2.14,4939.59,1,2.7
QC101024,Mumbai,Road,1129.7,5.35,3.1,2.14,8642.55,0,4.5
QC101025,Hyderabad,Road,19.1,7.17,0.9,0.61,256.75,0,4.7
QC101026,Mumbai,Rail,1295.0,3.11,3.6,4.12,7082.78,1,3.5
QC101027,Pune,Air,625.1,3.7,2.2,1.36,12516.4,0,4.3
QC101028,Bangalore,Air,778.3,3.36,2.3,1.13,15330.54,0,4.1
QC101029,Mumbai,Road,362.8,1.1,1.5,1.6,2837.92,1,3.2
QC101030,Hyderabad,Rail,1041.6,2.41,3.1,3.44,5719.72,1,3.2
QC101031,Pune,Rail,114.7,2.41,0.9,0.8,629.34,0,4.5
QC101032,Mumbai,Air,1222.7,2.21,3.7,2.57,24254.69,0,4.5
QC101033,Delhi-NCR,Road,1160.7,2.93,3.2,3.78,8748.98,1,4.2
QC101034,Bangalore,Road,308.8,2.63,1.7,0.69,2244.78,0,4.4
QC101035,Mumbai,Road,1134.6,1.66,3.3,2.25,8776.08,0,4.6
QC101036,Pune,Road,1102.6,2.74,3.0,2.84,8451.88,0,4.4
QC101037,Delhi-NCR,Road,888.0,2.05,2.6,3.27,6809.33,1,3.1
QC101038,Pune,Rail,527.9,0.62,2.0,2.09,2875.9,1,3.5
QC101039,Pune,Road,385.9,1.3,1.8,0.56,2953.58,0,4.2
QC101040,Delhi-NCR,Road,330.6,3.17,1.8,1.39,2558.63,0,4.4
QC101041,Pune,Road,451.5,5.78,1.8,1.59,3581.68,0,5.0
QC101042,Delhi-NCR,Road,1265.8,0.7,3.4,2.74,9606.24,0,4.2
QC101043,Mumbai,Road,116.1,1.78,1.1,0.83,989.8,0,4.6
QC101044,Delhi-NCR,Road,1161.8,3.89,3.2,3.05,8943.97,0,3.2
QC101045,Delhi-NCR,Road,493.7,5.09,1.9,1.11,3808.09,0,4.3
QC101046,Bangalore,Air,734.1,2.33,2.3,1.6,14508.71,0,4.2
QC101047,Delhi-NCR,Rail,1113.9,1.99,2.9,3.5,6053.44,1,3.4
QC101048,Delhi-NCR,Road,1239.1,6.25,3.7,3.37,9573.23,0,4.3
QC101049,Mumbai,Road,487.9,4.84,1.8,1.32,3726.62,0,4.5
QC101050,Bangalore,Air,650.9,5.03,2.2,0.88,12942.25,0,4.2
QC101051,Hyderabad,Road,585.0,2.27,2.2,2.68,4467.56,1,3.5
QC101052,Mumbai,Road,26.4,5.86,1.1,0.3,383.15,0,3.5
QC101053,Mumbai,Rail,420.0,0.94,1.8,1.58,2292.75,0,4.5
QC101054,Hyderabad,Road,647.2,5.92,2.2,2.17,5151.8,0,3.9
QC101055,Delhi-NCR,Road,580.2,2.89,2.1,1.71,4447.95,0,5.0
QC101056,Pune,Road,1012.9,3.25,3.0,2.7,7789.72,0,3.9
QC101057,Bangalore,Road,543.6,1.7,2.0,1.86,4212.33,0,4.9
QC101058,Pune,ROAD,689.2,1.01,2.3,1.81,5326.81,0,4.4
QC101059,Hyderabad,Air,606.0,3.2,2.0,0.83,12099.66,0,3.5
QC101060,Mumbai,Road,1039.0,4.18,3.1,2.57,7970.32,0,4.0
QC101061,Mumbai,Road,1209.3,4.58,3.5,3.06,9282.0,0,4.8
QC101062,Bangalore,AIR,748.4,4.29,2.5,1.07,14874.21,0,4.8
QC101063,Mumbai,Road,1106.9,3.75,3.3,3.12,8624.14,0,3.8
QC101064,Mumbai,Road,421.1,1.73,1.5,2.23,3192.51,1,4.1
QC101065,Bangalore,RAIL,761.6,4.76,2.6,1.35,4166.7,0,4.4
QC101066,Bangalore,Road,488.6,1.61,2.0,1.45,3810.56,0,4.8
QC101067,Hyderabad,Air,584.6,5.84,2.1,0.4,11720.78,0,3.8
QC101068,Mumbai,Air,1027.5,2.86,3.1,1.15,20429.31,0,4.2
QC101069,Mumbai,Air,1235.3,2.91,3.5,1.86,24516.17,0,4.6
QC101070,Hyderabad,Road,177.1,5.05,1.3,1.52,1381.81,1,3.1
QC101071,Delhi-NCR,Rail,891.4,5.48,2.6,3.79,4870.75,1,1.8
QC101072,Delhi-NCR,Road,818.3,4.77,2.8,3.12,6413.44,1,3.2
QC101073,Delhi-NCR,Air,172.8,1.84,1.3,0.45,3500.98,0,3.4
QC101074,Hyderabad,Road,303.0,4.75,1.6,1.89,2323.35,1,2.8
QC101075,Mumbai,Road,440.9,1.84,1.7,2.14,3458.17,1,2.6
QC101076,Hyderabad,Road,240.4,4.82,1.1,1.24,2004.35,1,3.9
QC101077,Hyderabad,Rail,347.3,1.28,1.7,2.15,1901.69,1,4.0
QC101078,Delhi-NCR,Rail,380.5,2.84,1.4,1.87,2131.4,1,3.5
QC101079,Pune,Road,475.3,1.84,2.0,2.21,3729.85,1,3.2
QC101080,Mumbai,Road,1051.2,5.06,3.0,2.71,8091.02,0,4.4
QC101081,Delhi-NCR,Air,804.1,5.87,2.3,1.0,16166.62,0,5.0
QC101082,Pune,Road,1380.9,3.39,3.8,3.19,10698.29,0,3.4
QC101083,Pune,Road,585.3,3.32,2.3,1.82,4568.75,0,3.9
QC101084,Bangalore,Air,1057.4,4.58,3.0,1.3,21016.89,0,4.9
QC101085,Mumbai,Road,1221.1,5.89,3.7,2.75,9477.12,0,5.0
QC101086,Pune,Rail,953.1,3.07,3.0,3.07,5108.38,1,3.6
QC101087,Delhi-NCR,Road,581.3,2.23,2.1,1.85,4612.01,0,3.9
QC101088,Bangalore,Road,1057.0,4.43,3.0,2.22,8233.52,0,4.9
QC101089,Mumbai,Road,291.5,,1.4,1.6,2335.46,1,4.0
QC101090,Hyderabad,Air,464.0,5.19,1.9,1.3,9282.47,0,4.8
QC101091,Delhi-NCR,Road,769.0,1.96,2.6,2.92,5896.51,1,2.1
QC101092,Pune,Road,809.0,2.6,2.5,2.35,6195.19,0,4.5
QC101093,Pune,Road,38.8,5.21,0.8,0.68,439.41,0,4.7
QC101094,Delhi-NCR,Air,1323.6,2.34,3.7,1.41,26218.65,0,4.1
QC101095,Pune,Road,977.7,4.43,3.1,2.92,7547.9,0,4.5
QC101096,Bangalore,Road,698.0,5.95,2.1,2.0,5479.58,0,4.1
QC101097,Mumbai,Air,1306.9,3.21,3.8,2.72,25894.84,0,4.0
QC101098,Bangalore,Road,619.2,3.62,2.2,2.21,4864.68,1,4.1
QC101099,Pune,Road,1372.8,2.8,3.5,3.74,10551.26,1,3.4
QC101100,Hyderabad,Rail,721.1,3.22,2.3,2.67,3861.41,1,2.7
QC101101,Mumbai,Road,167.1,1.54,1.3,1.32,1265.83,1,2.6
QC101102,Mumbai,Air,1072.6,2.52,3.4,0.98,21361.33,0,4.0
QC101103,Delhi-NCR,Road,953.0,1.39,2.7,3.41,7259.25,1,2.9
QC101104,Delhi-NCR,Air,1084.0,1.75,2.7,1.13,21548.34,0,4.5
QC101105,Hyderabad,Road,1332.4,0.9,3.5,3.47,10216.36,0,4.6
QC101106,Mumbai,Road,1088.9,3.52,3.3,2.12,57908.437420583985,0,4.6
QC101107,Hyderabad,Rail,859.0,8.29,2.4,3.31,4938.58,1,2.9
QC101108,Delhi-NCR,Air,1201.4,2.28,3.6,1.8,23751.71,0,4.9
QC101109,Delhi-NCR,Road,945.2,5.36,3.0,2.71,7282.85,0,5.0
QC101110,Mumbai,Road,576.1,5.9,2.1,1.41,4511.96,0,4.3
QC101111,Bangalore,Rail,1240.8,1.46,3.4,4.09,6871.54,1,2.8
QC101112,Pune,Road,316.9,1.66,1.5,1.25,2452.9,0,4.5
QC101113,Delhi-NCR,Air,1002.8,5.44,3.1,1.16,19969.82,0,5.0
QC101114,Delhi-NCR,Air,1235.1,2.84,3.6,2.51,24485.95,0,3.9
QC101115,Bangalore,Road,1026.0,1.38,3.3,2.32,7895.26,0,4.1
QC101116,Bangalore,Road,978.6,2.05,2.9,2.95,7506.76,1,3.3
QC101117,Hyderabad,Air,1055.7,3.86,2.9,1.0,21014.06,0,4.7
QC101118,Hyderabad,Road,655.4,1.87,2.0,2.0,5093.92,0,3.4
QC101119,Pune,Road,1224.8,0.57,3.2,3.49,9365.93,1,4.0
QC101120,Pune,Rail,291.2,2.48,1.5,1.44,1549.59,0,5.0
QC101121,Mumbai,Road,185.3,2.6,1.2,1.06,1469.96,0,4.2
QC101122,Hyderabad,Air,405.4,3.02,1.7,0.53,8165.41,0,5.0
QC101123,Delhi-NCR,Road,748.0,6.39,2.4,1.82,5787.62,0,5.0
QC101124,Hyderabad,Road,718.7,3.1,2.2,2.87,5573.89,1,3.9
QC101125,Delhi-NCR,Road,1150.3,3.48,3.4,3.24,8790.09,0,5.0
QC101126,Bangalore,Road,571.2,,1.7,1.8,4409.17,1,3.9
QC101127,Hyderabad,Road,682.2,3.02,2.2,2.48,5351.21,1,3.3
QC101128,Bangalore,Road,26.6,,1.0,0.72,439.92,0,4.3
QC101129,Pune,Air,578.4,1.41,1.9,0.61,11498.64,0,3.9
QC101130,Pune,Road,909.7,1.72,2.8,3.06,6850.86,1,3.0
QC101131,Mumbai,Road,29.6,4.34,0.7,0.84,271.39,1,
QC101132,Hyderabad,Road,399.0,6.38,1.6,1.63,3203.6,1,3.3
QC101133,Bangalore,Road,297.5,2.66,1.5,1.21,2236.81,0,
QC101134,Delhi-NCR,Road,66.4,1.64,0.8,1.49,516.25,1,2.2
QC101135,Pune,ROAD,675.1,8.64,2.4,1.79,5366.03,0,5.0
QC101136,Pune,Road,261.0,1.87,1.4,1.34,1939.64,0,3.9
QC101137,Delhi-NCR,Road,1042.4,3.68,3.3,2.96,7939.84,0,4.3
QC101138,Bangalore,Road,1188.3,6.61,3.4,2.13,9119.85,0,4.0
QC101139,Bangalore,Air,767.5,2.3,2.3,0.3,15257.97,0,5.0
QC101140,Hyderabad,Road,1374.5,2.07,4.1,3.39,10518.77,0,4.2
QC101141,Hyderabad,Road,635.1,2.15,2.0,1.83,4949.9,0,4.7
QC101142,Mumbai,Air,722.6,5.16,2.3,1.87,14407.62,0,4.7
QC101143,Pune,Road,1385.0,5.68,4.0,3.92,10810.32,0,3.8
QC101144,Hyderabad,Rail,330.3,3.07,1.2,1.95,1764.63,1,3.3
QC101145,Bangalore,Road,1320.0,9.3,3.9,2.91,10285.31,0,5.0
QC101146,Delhi-NCR,Road,67.6,3.06,0.8,0.85,524.51,1,2.9
QC101147,Bangalore,Road,629.4,6.52,2.1,2.72,4968.28,1,3.7
QC101148,Pune,Road,105.4,2.32,1.1,0.35,855.27,0,4.2
QC101149,Bangalore,Road,1023.1,12.19,3.0,2.76,7986.55,0,5.0
QC101150,Mumbai,Road,854.9,7.71,2.8,3.01,6669.34,1,4.2
QC101151,Pune,Rail,991.6,2.78,2.7,3.65,5409.07,1,2.3
QC101152,Delhi-NCR,Road,529.3,7.1,2.1,2.65,4140.99,1,2.6
QC101153,Mumbai,Road,522.3,6.89,2.1,1.75,4163.25,0,4.2
QC101154,Pune,Road,71.1,7.63,1.1,1.0,619.39,0,5.0
QC101155,Delhi-NCR,Road,495.1,0.68,1.6,1.9,3925.22,1,3.6
QC101156,Mumbai,Road,1301.6,4.63,3.4,3.51,10097.8,1,2.7
QC101157,Mumbai,Air,535.9,4.16,1.9,0.44,10706.62,0,4.7
QC101158,Pune,Air,1165.3,3.99,3.1,1.83,23315.48,0,3.9
QC101159,Hyderabad,Road,1180.5,3.42,3.1,3.47,9073.83,1,3.7
QC101160,Mumbai,Air,527.6,3.49,1.9,0.83,10545.98,0,4.7
QC101161,Mumbai,Rail,887.7,6.49,2.8,3.55,4923.76,1,2.8
QC101162,Delhi-NCR,Rail,140.8,4.15,1.5,1.07,882.87,0,4.4
QC101163,Bangalore,Road,152.3,3.42,1.2,1.33,1316.42,1,3.9
QC101164,Pune,Air,75.7,5.95,1.2,0.89,1638.9,0,3.5
QC101165,Pune,Road,816.8,3.86,2.6,2.74,6380.51,1,3.5
QC101166,Hyderabad,RAIL,601.1,4.09,2.2,1.98,3286.54,0,3.8
QC101167,Hyderabad,Road,770.9,9.21,2.5,2.55,6050.8,1,3.3
QC101168,Pune,Road,733.3,2.31,2.8,3.0,5749.62,1,3.5
QC101169,Hyderabad,AIR,495.5,1.21,1.8,0.3,9868.49,0,5.0
QC101170,Delhi-NCR,Road,951.0,3.14,2.8,2.87,7346.57,1,3.3
QC101171,Pune,RAIL,1063.8,3.42,3.2,3.92,5760.89,1,4.0
QC101172,Hyderabad,Rail,28.4,4.63,0.9,0.77,294.7,0,4.0
QC101173,Pune,Air,296.5,3.2,1.4,0.92,5881.41,0,4.2
QC101174,Bangalore,Road,1000.8,4.73,3.1,3.1,7676.69,0,4.7
QC101175,Mumbai,Air,546.2,13.5,2.0,0.91,11064.66,0,4.5
QC101176,Pune,Road,930.2,4.86,2.8,2.85,7059.36,1,3.1
QC101177,Mumbai,Road,491.0,5.4,1.9,1.64,3890.01,0,4.2
QC101178,Hyderabad,AIR,551.9,2.78,1.7,1.03,11000.28,0,5.0
QC101179,Mumbai,Road,228.9,1.31,1.1,1.89,1753.5,1,3.2
QC101180,Pune,Road,367.5,0.76,1.8,1.39,2809.33,0,3.9
QC101181,Bangalore,Rail,850.7,2.2,2.6,2.48,4626.22,0,4.0
QC101182,Hyderabad,Road,611.0,0.64,2.1,2.45,4638.32,1,3.6
QC101183,Pune,Road,1085.8,4.09,3.4,2.65,8391.06,0,5.0
QC101184,Hyderabad,Rail,1194.8,2.39,3.4,3.72,6479.98,1,3.0
QC101185,Delhi-NCR,Road,762.0,1.37,2.4,2.25,5860.71,0,5.0
QC101186,Mumbai,Air,1063.5,3.25,3.3,1.24,21106.46,0,4.4
QC101187,Delhi-NCR,Rail,435.2,1.93,1.7,1.92,12153.347806071572,1,3.2
QC101188,Pune,Rail,585.6,3.94,2.3,2.5,3249.87,1,
QC101189,Bangalore,Air,1000.2,4.59,3.1,1.07,19933.45,0,4.3
QC101190,Hyderabad,Road,545.6,1.97,2.3,2.18,4177.81,0,4.0
QC101191,Mumbai,Road,827.2,2.61,2.5,2.65,6398.79,1,2.9
QC101192,Hyderabad,Air,266.0,3.42,1.6,0.33,5359.53,0,3.6
QC101193,Pune,Rail,842.9,1.29,2.7,3.22,4497.85,1,4.2
QC101194,Hyderabad,Road,1207.2,3.42,3.2,3.78,9355.23,1,3.8
QC101195,Mumbai,Road,1217.1,1.27,3.1,2.42,9457.06,0,4.5
QC101196,Pune,Road,1016.3,4.22,2.9,2.95,7845.37,1,3.2
QC101197,Hyderabad,Road,1046.1,2.31,3.1,2.84,8033.97,0,4.4
QC101198,Bangalore,Air,784.6,1.27,2.6,1.53,15545.16,0,4.0
QC101199,Pune,Road,821.9,2.12,2.6,2.2,6362.93,0,3.8
QC100636,Mumbai,Air,313.0,0.91,1.6,0.3,6307.98,0,4.9
QC100683,Pune,Air,892.5,3.34,2.7,1.65,17675.79,0,4.6
QC101033,Delhi-NCR,Road,1160.7,2.93,3.2,3.78,8748.98,1,4.2
QC100190,Pune,Rail,907.9,3.41,2.8,3.08,4978.62,1,4.6
QC101083,Pune,Road,585.3,3.32,2.3,1.82,4568.75,0,3.9
QC100283,Bangalore,Road,673.2,2.64,2.3,2.01,5143.21,0,5.0
QC100817,Mumbai,Road,1269.9,2.34,3.7,3.66,9716.61,0,4.8
QC100314,Pune,Air,192.3,3.7,1.0,0.3,3953.73,0,4.8
QC100537,Delhi-NCR,Road,1229.7,1.61,3.6,3.72,9438.31,1,2.4
QC100664,Delhi-NCR,ROAD,776.4,5.53,2.5,2.73,6019.68,1,3.9
QC100239,Hyderabad,Rail,1325.7,0.88,3.8,3.82,7154.97,1,3.1
QC100135,Delhi-NCR,Road,668.2,2.94,2.1,2.32,5131.74,1,3.3
QC100335,Pune,Rail,791.3,2.05,2.4,3.22,4447.35,1,2.7
QC100189,Delhi-NCR,Road,907.4,2.58,2.9,2.67,6792.88,0,4.3
QC100838,Delhi-NCR,Road,1232.0,11.99,3.7,3.72,9608.39,1,3.3
